tensor_id,tensor_name,tensor_type,size_KB,module_path,event_type,t_start_us,t_end_us,src_name,dest_name
41,param_154_155,WEIGHT,32768.000,model.layers.0.self_attn.q_proj,TRANSFER,123401.080,124711.800,ram,vram0
41,param_154_155,WEIGHT,32768.000,model.layers.0.self_attn.q_proj,TRANSFER,123401.080,124711.800,ram,vram0
126,param_413_414,WEIGHT,114688.000,model.layers.0.mlp.down_proj,TRANSFER,125422.030,130009.550,ram,vram0
126,param_413_414,WEIGHT,114688.000,model.layers.0.mlp.down_proj,TRANSFER,125422.030,130009.550,ram,vram0
9,param_48_49,WEIGHT,4.000,model.rotary_emb,TRANSFER,138091.134,138091.294,ram,vram0
9,param_48_49,WEIGHT,4.000,model.rotary_emb,TRANSFER,138091.134,138091.294,ram,vram0
120,param_395_396,WEIGHT,114688.000,model.layers.0.mlp.up_proj,TRANSFER,170030.386,174617.906,ram,vram0
120,param_395_396,WEIGHT,114688.000,model.layers.0.mlp.up_proj,TRANSFER,170030.386,174617.906,ram,vram0
3,param_25_26,WEIGHT,1026048.000,model.embed_tokens,TRANSFER,212355.320,253397.240,ram,vram0
3,param_25_26,WEIGHT,1026048.000,model.embed_tokens,TRANSFER,212355.320,253397.240,ram,vram0
25,param_101_102,WEIGHT,4.000,model.rotary_emb,TRANSFER,270010.508,270010.668,ram,vram0
25,param_101_102,WEIGHT,4.000,model.rotary_emb,TRANSFER,270010.508,270010.668,ram,vram0
27,param_106_107,WEIGHT,4.000,model.rotary_emb,TRANSFER,270011.660,270011.820,ram,vram0
27,param_106_107,WEIGHT,4.000,model.rotary_emb,TRANSFER,270011.660,270011.820,ram,vram0
34,param_135_136,WEIGHT,4.000,model.layers.0.input_layernorm,TRANSFER,288736.865,288737.025,ram,vram0
34,param_135_136,WEIGHT,4.000,model.layers.0.input_layernorm,TRANSFER,288736.865,288737.025,ram,vram0
39,param_149_150,WEIGHT,8.000,model.layers.0.input_layernorm,TRANSFER,288742.401,288742.721,ram,vram0
39,param_149_150,WEIGHT,8.000,model.layers.0.input_layernorm,TRANSFER,288742.401,288742.721,ram,vram0
48,param_174_175,WEIGHT,8192.000,model.layers.0.self_attn.k_proj,TRANSFER,327053.206,327380.886,ram,vram0
48,param_174_175,WEIGHT,8192.000,model.layers.0.self_attn.k_proj,TRANSFER,327053.206,327380.886,ram,vram0
55,param_194_195,WEIGHT,8192.000,model.layers.0.self_attn.v_proj,TRANSFER,330260.569,330588.249,ram,vram0
55,param_194_195,WEIGHT,8192.000,model.layers.0.self_attn.v_proj,TRANSFER,330260.569,330588.249,ram,vram0
114,param_378_379,WEIGHT,114688.000,model.layers.0.mlp.gate_proj,TRANSFER,337958.557,342723.128,ram,vram0
114,param_378_379,WEIGHT,114688.000,model.layers.0.mlp.gate_proj,TRANSFER,337958.557,342723.128,ram,vram0
99,param_334_335,WEIGHT,32768.000,model.layers.0.self_attn.o_proj,TRANSFER,342369.026,343856.797,ram,vram0
99,param_334_335,WEIGHT,32768.000,model.layers.0.self_attn.o_proj,TRANSFER,342369.026,343856.797,ram,vram0
107,param_361_362,WEIGHT,4.000,model.layers.0.post_attention_layernorm,TRANSFER,343905.533,343905.693,ram,vram0
107,param_361_362,WEIGHT,4.000,model.layers.0.post_attention_layernorm,TRANSFER,343905.533,343905.693,ram,vram0
112,param_374_375,WEIGHT,8.000,model.layers.0.post_attention_layernorm,TRANSFER,343910.301,343910.621,ram,vram0
112,param_374_375,WEIGHT,8.000,model.layers.0.post_attention_layernorm,TRANSFER,343910.301,343910.621,ram,vram0
135,param_441_442,WEIGHT,4.000,model.layers.1.input_layernorm,TRANSFER,344433.061,344433.221,ram,vram0
135,param_441_442,WEIGHT,4.000,model.layers.1.input_layernorm,TRANSFER,344433.061,344433.221,ram,vram0
140,param_454_455,WEIGHT,8.000,model.layers.1.input_layernorm,TRANSFER,344464.920,344465.560,ram,vram0
140,param_454_455,WEIGHT,8.000,model.layers.1.input_layernorm,TRANSFER,344464.920,344465.560,ram,vram0
142,param_458_459,WEIGHT,32768.000,model.layers.1.self_attn.q_proj,TRANSFER,344464.920,345775.960,ram,vram0
142,param_458_459,WEIGHT,32768.000,model.layers.1.self_attn.q_proj,TRANSFER,344464.920,345775.960,ram,vram0
149,param_478_479,WEIGHT,8192.000,model.layers.1.self_attn.k_proj,TRANSFER,345830.641,346158.321,ram,vram0
149,param_478_479,WEIGHT,8192.000,model.layers.1.self_attn.k_proj,TRANSFER,345830.641,346158.321,ram,vram0
156,param_498_499,WEIGHT,8192.000,model.layers.1.self_attn.v_proj,TRANSFER,346190.884,346518.564,ram,vram0
156,param_498_499,WEIGHT,8192.000,model.layers.1.self_attn.v_proj,TRANSFER,346190.884,346518.564,ram,vram0
200,param_630_631,WEIGHT,32768.000,model.layers.1.self_attn.o_proj,TRANSFER,346834.336,348145.056,ram,vram0
200,param_630_631,WEIGHT,32768.000,model.layers.1.self_attn.o_proj,TRANSFER,346834.336,348145.056,ram,vram0
208,param_657_658,WEIGHT,4.000,model.layers.1.post_attention_layernorm,TRANSFER,348231.208,348231.368,ram,vram0
208,param_657_658,WEIGHT,4.000,model.layers.1.post_attention_layernorm,TRANSFER,348231.208,348231.368,ram,vram0
213,param_670_671,WEIGHT,8.000,model.layers.1.post_attention_layernorm,TRANSFER,348250.897,348251.537,ram,vram0
213,param_670_671,WEIGHT,8.000,model.layers.1.post_attention_layernorm,TRANSFER,348250.897,348251.537,ram,vram0
215,param_674_675,WEIGHT,114688.000,model.layers.1.mlp.gate_proj,TRANSFER,348250.897,352838.737,ram,vram0
215,param_674_675,WEIGHT,114688.000,model.layers.1.mlp.gate_proj,TRANSFER,348250.897,352838.737,ram,vram0
221,param_691_692,WEIGHT,114688.000,model.layers.1.mlp.up_proj,TRANSFER,352977.516,357565.036,ram,vram0
221,param_691_692,WEIGHT,114688.000,model.layers.1.mlp.up_proj,TRANSFER,352977.516,357565.036,ram,vram0
227,param_709_710,WEIGHT,114688.000,model.layers.1.mlp.down_proj,TRANSFER,357698.980,362286.500,ram,vram0
227,param_709_710,WEIGHT,114688.000,model.layers.1.mlp.down_proj,TRANSFER,357698.980,362286.500,ram,vram0
236,param_737_738,WEIGHT,4.000,model.layers.2.input_layernorm,TRANSFER,362471.709,362472.029,ram,vram0
236,param_737_738,WEIGHT,4.000,model.layers.2.input_layernorm,TRANSFER,362471.709,362472.029,ram,vram0
236,param_737_738,WEIGHT,4.000,model.layers.2.input_layernorm,TRANSFER,362471.709,362472.029,ram,vram0
236,param_737_738,WEIGHT,4.000,model.layers.2.input_layernorm,TRANSFER,362471.709,362472.029,ram,vram0
241,param_750_751,WEIGHT,8.000,model.layers.2.input_layernorm,TRANSFER,362491.887,362492.527,ram,vram0
241,param_750_751,WEIGHT,8.000,model.layers.2.input_layernorm,TRANSFER,362491.887,362492.527,ram,vram0
243,param_754_755,WEIGHT,32768.000,model.layers.2.self_attn.q_proj,TRANSFER,362491.887,363802.927,ram,vram0
243,param_754_755,WEIGHT,32768.000,model.layers.2.self_attn.q_proj,TRANSFER,362491.887,363802.927,ram,vram0
250,param_774_775,WEIGHT,8192.000,model.layers.2.self_attn.k_proj,TRANSFER,363859.685,364187.365,ram,vram0
250,param_774_775,WEIGHT,8192.000,model.layers.2.self_attn.k_proj,TRANSFER,363859.685,364187.365,ram,vram0
257,param_794_795,WEIGHT,8192.000,model.layers.2.self_attn.v_proj,TRANSFER,364214.687,364542.367,ram,vram0
257,param_794_795,WEIGHT,8192.000,model.layers.2.self_attn.v_proj,TRANSFER,364214.687,364542.367,ram,vram0
301,param_925_926,WEIGHT,32768.000,model.layers.2.self_attn.o_proj,TRANSFER,364841.640,366152.360,ram,vram0
301,param_925_926,WEIGHT,32768.000,model.layers.2.self_attn.o_proj,TRANSFER,364841.640,366152.360,ram,vram0
309,param_952_953,WEIGHT,4.000,model.layers.2.post_attention_layernorm,TRANSFER,366258.471,366258.791,ram,vram0
309,param_952_953,WEIGHT,4.000,model.layers.2.post_attention_layernorm,TRANSFER,366258.471,366258.791,ram,vram0
309,param_952_953,WEIGHT,4.000,model.layers.2.post_attention_layernorm,TRANSFER,366258.471,366258.791,ram,vram0
309,param_952_953,WEIGHT,4.000,model.layers.2.post_attention_layernorm,TRANSFER,366258.471,366258.791,ram,vram0
314,param_965_966,WEIGHT,8.000,model.layers.2.post_attention_layernorm,TRANSFER,366284.631,366285.271,ram,vram0
314,param_965_966,WEIGHT,8.000,model.layers.2.post_attention_layernorm,TRANSFER,366284.631,366285.271,ram,vram0
316,param_969_970,WEIGHT,114688.000,model.layers.2.mlp.gate_proj,TRANSFER,366284.631,370872.471,ram,vram0
316,param_969_970,WEIGHT,114688.000,model.layers.2.mlp.gate_proj,TRANSFER,366284.631,370872.471,ram,vram0
322,param_987_988,WEIGHT,114688.000,model.layers.2.mlp.up_proj,TRANSFER,371009.041,375596.561,ram,vram0
322,param_987_988,WEIGHT,114688.000,model.layers.2.mlp.up_proj,TRANSFER,371009.041,375596.561,ram,vram0
328,param_1005_1006,WEIGHT,114688.000,model.layers.2.mlp.down_proj,TRANSFER,375743.730,380331.250,ram,vram0
328,param_1005_1006,WEIGHT,114688.000,model.layers.2.mlp.down_proj,TRANSFER,375743.730,380331.250,ram,vram0
337,param_1033_1034,WEIGHT,4.000,model.layers.3.input_layernorm,TRANSFER,380508.513,380508.673,ram,vram0
337,param_1033_1034,WEIGHT,4.000,model.layers.3.input_layernorm,TRANSFER,380508.513,380508.673,ram,vram0
342,param_1046_1047,WEIGHT,8.000,model.layers.3.input_layernorm,TRANSFER,380542.698,380543.338,ram,vram0
342,param_1046_1047,WEIGHT,8.000,model.layers.3.input_layernorm,TRANSFER,380542.698,380543.338,ram,vram0
344,param_1050_1051,WEIGHT,32768.000,model.layers.3.self_attn.q_proj,TRANSFER,380542.698,381853.738,ram,vram0
344,param_1050_1051,WEIGHT,32768.000,model.layers.3.self_attn.q_proj,TRANSFER,380542.698,381853.738,ram,vram0
351,param_1070_1071,WEIGHT,8192.000,model.layers.3.self_attn.k_proj,TRANSFER,381907.587,382235.267,ram,vram0
351,param_1070_1071,WEIGHT,8192.000,model.layers.3.self_attn.k_proj,TRANSFER,381907.587,382235.267,ram,vram0
358,param_1090_1091,WEIGHT,8192.000,model.layers.3.self_attn.v_proj,TRANSFER,382261.079,382588.759,ram,vram0
358,param_1090_1091,WEIGHT,8192.000,model.layers.3.self_attn.v_proj,TRANSFER,382261.079,382588.759,ram,vram0
402,param_1218_1219,WEIGHT,32768.000,model.layers.3.self_attn.o_proj,TRANSFER,382895.861,384206.581,ram,vram0
402,param_1218_1219,WEIGHT,32768.000,model.layers.3.self_attn.o_proj,TRANSFER,382895.861,384206.581,ram,vram0
410,param_1245_1246,WEIGHT,4.000,model.layers.3.post_attention_layernorm,TRANSFER,384294.009,384294.169,ram,vram0
410,param_1245_1246,WEIGHT,4.000,model.layers.3.post_attention_layernorm,TRANSFER,384294.009,384294.169,ram,vram0
415,param_1258_1259,WEIGHT,8.000,model.layers.3.post_attention_layernorm,TRANSFER,384318.094,384318.734,ram,vram0
415,param_1258_1259,WEIGHT,8.000,model.layers.3.post_attention_layernorm,TRANSFER,384318.094,384318.734,ram,vram0
417,param_1262_1263,WEIGHT,114688.000,model.layers.3.mlp.gate_proj,TRANSFER,384318.094,388905.934,ram,vram0
417,param_1262_1263,WEIGHT,114688.000,model.layers.3.mlp.gate_proj,TRANSFER,384318.094,388905.934,ram,vram0
423,param_1279_1280,WEIGHT,114688.000,model.layers.3.mlp.up_proj,TRANSFER,389040.478,393627.998,ram,vram0
423,param_1279_1280,WEIGHT,114688.000,model.layers.3.mlp.up_proj,TRANSFER,389040.478,393627.998,ram,vram0
429,param_1296_1297,WEIGHT,114688.000,model.layers.3.mlp.down_proj,TRANSFER,393761.624,398349.144,ram,vram0
429,param_1296_1297,WEIGHT,114688.000,model.layers.3.mlp.down_proj,TRANSFER,393761.624,398349.144,ram,vram0
438,param_1324_1325,WEIGHT,4.000,model.layers.4.input_layernorm,TRANSFER,398554.282,398554.442,ram,vram0
438,param_1324_1325,WEIGHT,4.000,model.layers.4.input_layernorm,TRANSFER,398554.282,398554.442,ram,vram0
443,param_1337_1338,WEIGHT,8.000,model.layers.4.input_layernorm,TRANSFER,398586.168,398586.808,ram,vram0
443,param_1337_1338,WEIGHT,8.000,model.layers.4.input_layernorm,TRANSFER,398586.168,398586.808,ram,vram0
445,param_1341_1342,WEIGHT,32768.000,model.layers.4.self_attn.q_proj,TRANSFER,398586.168,399897.208,ram,vram0
445,param_1341_1342,WEIGHT,32768.000,model.layers.4.self_attn.q_proj,TRANSFER,398586.168,399897.208,ram,vram0
452,param_1361_1362,WEIGHT,8192.000,model.layers.4.self_attn.k_proj,TRANSFER,399911.044,400519.658,ram,vram0
452,param_1361_1362,WEIGHT,8192.000,model.layers.4.self_attn.k_proj,TRANSFER,399911.044,400519.658,ram,vram0
459,param_1381_1382,WEIGHT,8192.000,model.layers.4.self_attn.v_proj,TRANSFER,399957.790,400566.404,ram,vram0
459,param_1381_1382,WEIGHT,8192.000,model.layers.4.self_attn.v_proj,TRANSFER,399957.790,400566.404,ram,vram0
503,param_1510_1511,WEIGHT,32768.000,model.layers.4.self_attn.o_proj,TRANSFER,400899.860,402210.580,ram,vram0
503,param_1510_1511,WEIGHT,32768.000,model.layers.4.self_attn.o_proj,TRANSFER,400899.860,402210.580,ram,vram0
518,param_1554_1555,WEIGHT,114688.000,model.layers.4.mlp.gate_proj,TRANSFER,402286.886,411435.133,ram,vram0
518,param_1554_1555,WEIGHT,114688.000,model.layers.4.mlp.gate_proj,TRANSFER,402286.886,411435.133,ram,vram0
524,param_1571_1572,WEIGHT,114688.000,model.layers.4.mlp.up_proj,TRANSFER,402314.159,411492.570,ram,vram0
524,param_1571_1572,WEIGHT,114688.000,model.layers.4.mlp.up_proj,TRANSFER,402314.159,411492.570,ram,vram0
511,param_1537_1538,WEIGHT,4.000,model.layers.4.post_attention_layernorm,TRANSFER,402340.343,402340.823,ram,vram0
511,param_1537_1538,WEIGHT,4.000,model.layers.4.post_attention_layernorm,TRANSFER,402340.343,402340.823,ram,vram0
516,param_1550_1551,WEIGHT,8.000,model.layers.4.post_attention_layernorm,TRANSFER,402345.559,402346.519,ram,vram0
516,param_1550_1551,WEIGHT,8.000,model.layers.4.post_attention_layernorm,TRANSFER,402345.559,402346.519,ram,vram0
530,param_1589_1590,WEIGHT,114688.000,model.layers.4.mlp.down_proj,TRANSFER,411435.133,417366.246,ram,vram0
530,param_1589_1590,WEIGHT,114688.000,model.layers.4.mlp.down_proj,TRANSFER,411435.133,417366.246,ram,vram0
546,param_1634_1635,WEIGHT,32768.000,model.layers.5.self_attn.q_proj,TRANSFER,411547.110,414168.550,ram,vram0
546,param_1634_1635,WEIGHT,32768.000,model.layers.5.self_attn.q_proj,TRANSFER,411547.110,414168.550,ram,vram0
553,param_1654_1655,WEIGHT,8192.000,model.layers.5.self_attn.k_proj,TRANSFER,417506.920,418120.250,ram,vram0
553,param_1654_1655,WEIGHT,8192.000,model.layers.5.self_attn.k_proj,TRANSFER,417506.920,418120.250,ram,vram0
539,param_1617_1618,WEIGHT,4.000,model.layers.5.input_layernorm,TRANSFER,417533.630,417533.950,ram,vram0
539,param_1617_1618,WEIGHT,4.000,model.layers.5.input_layernorm,TRANSFER,417533.630,417533.950,ram,vram0
544,param_1630_1631,WEIGHT,8.000,model.layers.5.input_layernorm,TRANSFER,417538.717,417539.357,ram,vram0
544,param_1630_1631,WEIGHT,8.000,model.layers.5.input_layernorm,TRANSFER,417538.717,417539.357,ram,vram0
560,param_1674_1675,WEIGHT,8192.000,model.layers.5.self_attn.v_proj,TRANSFER,417549.910,418162.760,ram,vram0
560,param_1674_1675,WEIGHT,8192.000,model.layers.5.self_attn.v_proj,TRANSFER,417549.910,418162.760,ram,vram0
604,param_1803_1804,WEIGHT,32768.000,model.layers.5.self_attn.o_proj,TRANSFER,418455.988,419766.708,ram,vram0
604,param_1803_1804,WEIGHT,32768.000,model.layers.5.self_attn.o_proj,TRANSFER,418455.988,419766.708,ram,vram0
612,param_1830_1831,WEIGHT,4.000,model.layers.5.post_attention_layernorm,TRANSFER,419860.558,419860.878,ram,vram0
612,param_1830_1831,WEIGHT,4.000,model.layers.5.post_attention_layernorm,TRANSFER,419860.558,419860.878,ram,vram0
612,param_1830_1831,WEIGHT,4.000,model.layers.5.post_attention_layernorm,TRANSFER,419860.558,419860.878,ram,vram0
612,param_1830_1831,WEIGHT,4.000,model.layers.5.post_attention_layernorm,TRANSFER,419860.558,419860.878,ram,vram0
617,param_1843_1844,WEIGHT,8.000,model.layers.5.post_attention_layernorm,TRANSFER,419880.756,419881.396,ram,vram0
617,param_1843_1844,WEIGHT,8.000,model.layers.5.post_attention_layernorm,TRANSFER,419880.756,419881.396,ram,vram0
619,param_1847_1848,WEIGHT,114688.000,model.layers.5.mlp.gate_proj,TRANSFER,419880.756,424468.596,ram,vram0
619,param_1847_1848,WEIGHT,114688.000,model.layers.5.mlp.gate_proj,TRANSFER,419880.756,424468.596,ram,vram0
625,param_1865_1866,WEIGHT,114688.000,model.layers.5.mlp.up_proj,TRANSFER,424610.047,429197.567,ram,vram0
625,param_1865_1866,WEIGHT,114688.000,model.layers.5.mlp.up_proj,TRANSFER,424610.047,429197.567,ram,vram0
631,param_1883_1884,WEIGHT,114688.000,model.layers.5.mlp.down_proj,TRANSFER,429332.060,433919.580,ram,vram0
631,param_1883_1884,WEIGHT,114688.000,model.layers.5.mlp.down_proj,TRANSFER,429332.060,433919.580,ram,vram0
640,param_1911_1912,WEIGHT,4.000,model.layers.6.input_layernorm,TRANSFER,434108.556,434108.716,ram,vram0
640,param_1911_1912,WEIGHT,4.000,model.layers.6.input_layernorm,TRANSFER,434108.556,434108.716,ram,vram0
645,param_1924_1925,WEIGHT,8.000,model.layers.6.input_layernorm,TRANSFER,434128.091,434128.731,ram,vram0
645,param_1924_1925,WEIGHT,8.000,model.layers.6.input_layernorm,TRANSFER,434128.091,434128.731,ram,vram0
647,param_1928_1929,WEIGHT,32768.000,model.layers.6.self_attn.q_proj,TRANSFER,434128.091,435439.131,ram,vram0
647,param_1928_1929,WEIGHT,32768.000,model.layers.6.self_attn.q_proj,TRANSFER,434128.091,435439.131,ram,vram0
654,param_1948_1949,WEIGHT,8192.000,model.layers.6.self_attn.k_proj,TRANSFER,435506.584,435834.264,ram,vram0
654,param_1948_1949,WEIGHT,8192.000,model.layers.6.self_attn.k_proj,TRANSFER,435506.584,435834.264,ram,vram0
661,param_1968_1969,WEIGHT,8192.000,model.layers.6.self_attn.v_proj,TRANSFER,435864.159,436191.839,ram,vram0
661,param_1968_1969,WEIGHT,8192.000,model.layers.6.self_attn.v_proj,TRANSFER,435864.159,436191.839,ram,vram0
705,param_2095_2096,WEIGHT,32768.000,model.layers.6.self_attn.o_proj,TRANSFER,436510.469,437821.189,ram,vram0
705,param_2095_2096,WEIGHT,32768.000,model.layers.6.self_attn.o_proj,TRANSFER,436510.469,437821.189,ram,vram0
713,param_2122_2123,WEIGHT,4.000,model.layers.6.post_attention_layernorm,TRANSFER,437916.695,437916.855,ram,vram0
713,param_2122_2123,WEIGHT,4.000,model.layers.6.post_attention_layernorm,TRANSFER,437916.695,437916.855,ram,vram0
718,param_2135_2136,WEIGHT,8.000,model.layers.6.post_attention_layernorm,TRANSFER,437940.293,437940.933,ram,vram0
718,param_2135_2136,WEIGHT,8.000,model.layers.6.post_attention_layernorm,TRANSFER,437940.293,437940.933,ram,vram0
720,param_2139_2140,WEIGHT,114688.000,model.layers.6.mlp.gate_proj,TRANSFER,437940.293,442528.133,ram,vram0
720,param_2139_2140,WEIGHT,114688.000,model.layers.6.mlp.gate_proj,TRANSFER,437940.293,442528.133,ram,vram0
726,param_2156_2157,WEIGHT,114688.000,model.layers.6.mlp.up_proj,TRANSFER,442664.532,447252.052,ram,vram0
726,param_2156_2157,WEIGHT,114688.000,model.layers.6.mlp.up_proj,TRANSFER,442664.532,447252.052,ram,vram0
732,param_2173_2174,WEIGHT,114688.000,model.layers.6.mlp.down_proj,TRANSFER,447386.080,451973.600,ram,vram0
732,param_2173_2174,WEIGHT,114688.000,model.layers.6.mlp.down_proj,TRANSFER,447386.080,451973.600,ram,vram0
741,param_2201_2202,WEIGHT,4.000,model.layers.7.input_layernorm,TRANSFER,452151.849,452152.009,ram,vram0
741,param_2201_2202,WEIGHT,4.000,model.layers.7.input_layernorm,TRANSFER,452151.849,452152.009,ram,vram0
746,param_2214_2215,WEIGHT,8.000,model.layers.7.input_layernorm,TRANSFER,452185.416,452186.056,ram,vram0
746,param_2214_2215,WEIGHT,8.000,model.layers.7.input_layernorm,TRANSFER,452185.416,452186.056,ram,vram0
748,param_2218_2219,WEIGHT,32768.000,model.layers.7.self_attn.q_proj,TRANSFER,452185.416,453496.456,ram,vram0
748,param_2218_2219,WEIGHT,32768.000,model.layers.7.self_attn.q_proj,TRANSFER,452185.416,453496.456,ram,vram0
755,param_2238_2239,WEIGHT,8192.000,model.layers.7.self_attn.k_proj,TRANSFER,453555.642,453883.322,ram,vram0
755,param_2238_2239,WEIGHT,8192.000,model.layers.7.self_attn.k_proj,TRANSFER,453555.642,453883.322,ram,vram0
762,param_2258_2259,WEIGHT,8192.000,model.layers.7.self_attn.v_proj,TRANSFER,453909.086,454236.766,ram,vram0
762,param_2258_2259,WEIGHT,8192.000,model.layers.7.self_attn.v_proj,TRANSFER,453909.086,454236.766,ram,vram0
806,param_2387_2388,WEIGHT,32768.000,model.layers.7.self_attn.o_proj,TRANSFER,454551.952,455862.672,ram,vram0
806,param_2387_2388,WEIGHT,32768.000,model.layers.7.self_attn.o_proj,TRANSFER,454551.952,455862.672,ram,vram0
814,param_2414_2415,WEIGHT,4.000,model.layers.7.post_attention_layernorm,TRANSFER,455956.279,455956.439,ram,vram0
814,param_2414_2415,WEIGHT,4.000,model.layers.7.post_attention_layernorm,TRANSFER,455956.279,455956.439,ram,vram0
821,param_2431_2432,WEIGHT,114688.000,model.layers.7.mlp.gate_proj,TRANSFER,456001.575,471287.850,ram,vram0
821,param_2431_2432,WEIGHT,114688.000,model.layers.7.mlp.gate_proj,TRANSFER,456001.575,471287.850,ram,vram0
827,param_2448_2449,WEIGHT,114688.000,model.layers.7.mlp.up_proj,TRANSFER,456052.512,471423.549,ram,vram0
827,param_2448_2449,WEIGHT,114688.000,model.layers.7.mlp.up_proj,TRANSFER,456052.512,471423.549,ram,vram0
833,param_2466_2467,WEIGHT,114688.000,model.layers.7.mlp.down_proj,TRANSFER,456089.974,471461.011,ram,vram0
833,param_2466_2467,WEIGHT,114688.000,model.layers.7.mlp.down_proj,TRANSFER,456089.974,471461.011,ram,vram0
849,param_2511_2512,WEIGHT,32768.000,model.layers.8.self_attn.q_proj,TRANSFER,456226.205,461469.085,ram,vram0
849,param_2511_2512,WEIGHT,32768.000,model.layers.8.self_attn.q_proj,TRANSFER,456226.205,461469.085,ram,vram0
856,param_2531_2532,WEIGHT,8192.000,model.layers.8.self_attn.k_proj,TRANSFER,461469.085,462779.805,ram,vram0
856,param_2531_2532,WEIGHT,8192.000,model.layers.8.self_attn.k_proj,TRANSFER,461469.085,462779.805,ram,vram0
819,param_2427_2428,WEIGHT,8.000,model.layers.7.post_attention_layernorm,TRANSFER,462779.805,462781.085,ram,vram0
819,param_2427_2428,WEIGHT,8.000,model.layers.7.post_attention_layernorm,TRANSFER,462779.805,462781.085,ram,vram0
863,param_2551_2552,WEIGHT,8192.000,model.layers.8.self_attn.v_proj,TRANSFER,471322.073,471736.615,ram,vram0
863,param_2551_2552,WEIGHT,8192.000,model.layers.8.self_attn.v_proj,TRANSFER,471322.073,471736.615,ram,vram0
842,param_2494_2495,WEIGHT,4.000,model.layers.8.input_layernorm,TRANSFER,471710.859,471711.179,ram,vram0
842,param_2494_2495,WEIGHT,4.000,model.layers.8.input_layernorm,TRANSFER,471710.859,471711.179,ram,vram0
847,param_2507_2508,WEIGHT,8.000,model.layers.8.input_layernorm,TRANSFER,471716.043,471716.683,ram,vram0
847,param_2507_2508,WEIGHT,8.000,model.layers.8.input_layernorm,TRANSFER,471716.043,471716.683,ram,vram0
907,param_2680_2681,WEIGHT,32768.000,model.layers.8.self_attn.o_proj,TRANSFER,472003.602,473314.322,ram,vram0
907,param_2680_2681,WEIGHT,32768.000,model.layers.8.self_attn.o_proj,TRANSFER,472003.602,473314.322,ram,vram0
915,param_2707_2708,WEIGHT,4.000,model.layers.8.post_attention_layernorm,TRANSFER,473429.086,473429.406,ram,vram0
915,param_2707_2708,WEIGHT,4.000,model.layers.8.post_attention_layernorm,TRANSFER,473429.086,473429.406,ram,vram0
915,param_2707_2708,WEIGHT,4.000,model.layers.8.post_attention_layernorm,TRANSFER,473429.086,473429.406,ram,vram0
915,param_2707_2708,WEIGHT,4.000,model.layers.8.post_attention_layernorm,TRANSFER,473429.086,473429.406,ram,vram0
920,param_2720_2721,WEIGHT,8.000,model.layers.8.post_attention_layernorm,TRANSFER,473454.694,473455.334,ram,vram0
920,param_2720_2721,WEIGHT,8.000,model.layers.8.post_attention_layernorm,TRANSFER,473454.694,473455.334,ram,vram0
922,param_2724_2725,WEIGHT,114688.000,model.layers.8.mlp.gate_proj,TRANSFER,473454.694,478042.534,ram,vram0
922,param_2724_2725,WEIGHT,114688.000,model.layers.8.mlp.gate_proj,TRANSFER,473454.694,478042.534,ram,vram0
928,param_2742_2743,WEIGHT,114688.000,model.layers.8.mlp.up_proj,TRANSFER,478197.950,482785.470,ram,vram0
928,param_2742_2743,WEIGHT,114688.000,model.layers.8.mlp.up_proj,TRANSFER,478197.950,482785.470,ram,vram0
934,param_2760_2761,WEIGHT,114688.000,model.layers.8.mlp.down_proj,TRANSFER,482785.470,487372.990,ram,vram0
934,param_2760_2761,WEIGHT,114688.000,model.layers.8.mlp.down_proj,TRANSFER,482785.470,487372.990,ram,vram0
943,param_2788_2789,WEIGHT,4.000,model.layers.9.input_layernorm,TRANSFER,487557.929,487558.089,ram,vram0
943,param_2788_2789,WEIGHT,4.000,model.layers.9.input_layernorm,TRANSFER,487557.929,487558.089,ram,vram0
948,param_2801_2802,WEIGHT,8.000,model.layers.9.input_layernorm,TRANSFER,487581.687,487582.327,ram,vram0
948,param_2801_2802,WEIGHT,8.000,model.layers.9.input_layernorm,TRANSFER,487581.687,487582.327,ram,vram0
950,param_2805_2806,WEIGHT,32768.000,model.layers.9.self_attn.q_proj,TRANSFER,487581.687,488892.727,ram,vram0
950,param_2805_2806,WEIGHT,32768.000,model.layers.9.self_attn.q_proj,TRANSFER,487581.687,488892.727,ram,vram0
957,param_2825_2826,WEIGHT,8192.000,model.layers.9.self_attn.k_proj,TRANSFER,488958.586,489286.266,ram,vram0
957,param_2825_2826,WEIGHT,8192.000,model.layers.9.self_attn.k_proj,TRANSFER,488958.586,489286.266,ram,vram0
964,param_2845_2846,WEIGHT,8192.000,model.layers.9.self_attn.v_proj,TRANSFER,489322.887,489650.567,ram,vram0
964,param_2845_2846,WEIGHT,8192.000,model.layers.9.self_attn.v_proj,TRANSFER,489322.887,489650.567,ram,vram0
1008,param_2972_2973,WEIGHT,32768.000,model.layers.9.self_attn.o_proj,TRANSFER,490026.554,491337.274,ram,vram0
1008,param_2972_2973,WEIGHT,32768.000,model.layers.9.self_attn.o_proj,TRANSFER,490026.554,491337.274,ram,vram0
1016,param_2999_3000,WEIGHT,4.000,model.layers.9.post_attention_layernorm,TRANSFER,491445.876,491446.036,ram,vram0
1016,param_2999_3000,WEIGHT,4.000,model.layers.9.post_attention_layernorm,TRANSFER,491445.876,491446.036,ram,vram0
1021,param_3012_3013,WEIGHT,8.000,model.layers.9.post_attention_layernorm,TRANSFER,491466.499,491467.139,ram,vram0
1021,param_3012_3013,WEIGHT,8.000,model.layers.9.post_attention_layernorm,TRANSFER,491466.499,491467.139,ram,vram0
1023,param_3016_3017,WEIGHT,114688.000,model.layers.9.mlp.gate_proj,TRANSFER,491466.499,496054.339,ram,vram0
1023,param_3016_3017,WEIGHT,114688.000,model.layers.9.mlp.gate_proj,TRANSFER,491466.499,496054.339,ram,vram0
1029,param_3033_3034,WEIGHT,114688.000,model.layers.9.mlp.up_proj,TRANSFER,496192.359,500779.879,ram,vram0
1029,param_3033_3034,WEIGHT,114688.000,model.layers.9.mlp.up_proj,TRANSFER,496192.359,500779.879,ram,vram0
1035,param_3050_3051,WEIGHT,114688.000,model.layers.9.mlp.down_proj,TRANSFER,500913.353,505500.873,ram,vram0
1035,param_3050_3051,WEIGHT,114688.000,model.layers.9.mlp.down_proj,TRANSFER,500913.353,505500.873,ram,vram0
1044,param_3078_3079,WEIGHT,4.000,model.layers.10.input_layernorm,TRANSFER,505677.586,505677.906,ram,vram0
1044,param_3078_3079,WEIGHT,4.000,model.layers.10.input_layernorm,TRANSFER,505677.586,505677.906,ram,vram0
1044,param_3078_3079,WEIGHT,4.000,model.layers.10.input_layernorm,TRANSFER,505677.586,505677.906,ram,vram0
1044,param_3078_3079,WEIGHT,4.000,model.layers.10.input_layernorm,TRANSFER,505677.586,505677.906,ram,vram0
1049,param_3091_3092,WEIGHT,8.000,model.layers.10.input_layernorm,TRANSFER,505700.068,505700.708,ram,vram0
1049,param_3091_3092,WEIGHT,8.000,model.layers.10.input_layernorm,TRANSFER,505700.068,505700.708,ram,vram0
1051,param_3095_3096,WEIGHT,32768.000,model.layers.10.self_attn.q_proj,TRANSFER,505700.068,507011.108,ram,vram0
1051,param_3095_3096,WEIGHT,32768.000,model.layers.10.self_attn.q_proj,TRANSFER,505700.068,507011.108,ram,vram0
1058,param_3115_3116,WEIGHT,8192.000,model.layers.10.self_attn.k_proj,TRANSFER,507071.436,507399.116,ram,vram0
1058,param_3115_3116,WEIGHT,8192.000,model.layers.10.self_attn.k_proj,TRANSFER,507071.436,507399.116,ram,vram0
1065,param_3135_3136,WEIGHT,8192.000,model.layers.10.self_attn.v_proj,TRANSFER,507426.900,507754.580,ram,vram0
1065,param_3135_3136,WEIGHT,8192.000,model.layers.10.self_attn.v_proj,TRANSFER,507426.900,507754.580,ram,vram0
1109,param_3263_3264,WEIGHT,32768.000,model.layers.10.self_attn.o_proj,TRANSFER,508058.634,509369.354,ram,vram0
1109,param_3263_3264,WEIGHT,32768.000,model.layers.10.self_attn.o_proj,TRANSFER,508058.634,509369.354,ram,vram0
1117,param_3290_3291,WEIGHT,4.000,model.layers.10.post_attention_layernorm,TRANSFER,509455.068,509455.388,ram,vram0
1117,param_3290_3291,WEIGHT,4.000,model.layers.10.post_attention_layernorm,TRANSFER,509455.068,509455.388,ram,vram0
1117,param_3290_3291,WEIGHT,4.000,model.layers.10.post_attention_layernorm,TRANSFER,509455.068,509455.388,ram,vram0
1117,param_3290_3291,WEIGHT,4.000,model.layers.10.post_attention_layernorm,TRANSFER,509455.068,509455.388,ram,vram0
1122,param_3303_3304,WEIGHT,8.000,model.layers.10.post_attention_layernorm,TRANSFER,509477.708,509478.348,ram,vram0
1122,param_3303_3304,WEIGHT,8.000,model.layers.10.post_attention_layernorm,TRANSFER,509477.708,509478.348,ram,vram0
1124,param_3307_3308,WEIGHT,114688.000,model.layers.10.mlp.gate_proj,TRANSFER,509477.708,514065.548,ram,vram0
1124,param_3307_3308,WEIGHT,114688.000,model.layers.10.mlp.gate_proj,TRANSFER,509477.708,514065.548,ram,vram0
1130,param_3324_3325,WEIGHT,114688.000,model.layers.10.mlp.up_proj,TRANSFER,514200.644,518788.164,ram,vram0
1130,param_3324_3325,WEIGHT,114688.000,model.layers.10.mlp.up_proj,TRANSFER,514200.644,518788.164,ram,vram0
1136,param_3342_3343,WEIGHT,114688.000,model.layers.10.mlp.down_proj,TRANSFER,518925.920,523513.440,ram,vram0
1136,param_3342_3343,WEIGHT,114688.000,model.layers.10.mlp.down_proj,TRANSFER,518925.920,523513.440,ram,vram0
1145,param_3370_3371,WEIGHT,4.000,model.layers.11.input_layernorm,TRANSFER,523696.757,523696.917,ram,vram0
1145,param_3370_3371,WEIGHT,4.000,model.layers.11.input_layernorm,TRANSFER,523696.757,523696.917,ram,vram0
1150,param_3383_3384,WEIGHT,8.000,model.layers.11.input_layernorm,TRANSFER,523720.501,523721.141,ram,vram0
1150,param_3383_3384,WEIGHT,8.000,model.layers.11.input_layernorm,TRANSFER,523720.501,523721.141,ram,vram0
1152,param_3387_3388,WEIGHT,32768.000,model.layers.11.self_attn.q_proj,TRANSFER,523720.501,525031.541,ram,vram0
1152,param_3387_3388,WEIGHT,32768.000,model.layers.11.self_attn.q_proj,TRANSFER,523720.501,525031.541,ram,vram0
1159,param_3407_3408,WEIGHT,8192.000,model.layers.11.self_attn.k_proj,TRANSFER,525093.665,525421.345,ram,vram0
1159,param_3407_3408,WEIGHT,8192.000,model.layers.11.self_attn.k_proj,TRANSFER,525093.665,525421.345,ram,vram0
1166,param_3427_3428,WEIGHT,8192.000,model.layers.11.self_attn.v_proj,TRANSFER,525448.537,525776.217,ram,vram0
1166,param_3427_3428,WEIGHT,8192.000,model.layers.11.self_attn.v_proj,TRANSFER,525448.537,525776.217,ram,vram0
1210,param_3556_3557,WEIGHT,32768.000,model.layers.11.self_attn.o_proj,TRANSFER,526101.917,527412.637,ram,vram0
1210,param_3556_3557,WEIGHT,32768.000,model.layers.11.self_attn.o_proj,TRANSFER,526101.917,527412.637,ram,vram0
1218,param_3583_3584,WEIGHT,4.000,model.layers.11.post_attention_layernorm,TRANSFER,527512.753,527513.073,ram,vram0
1218,param_3583_3584,WEIGHT,4.000,model.layers.11.post_attention_layernorm,TRANSFER,527512.753,527513.073,ram,vram0
1218,param_3583_3584,WEIGHT,4.000,model.layers.11.post_attention_layernorm,TRANSFER,527512.753,527513.073,ram,vram0
1218,param_3583_3584,WEIGHT,4.000,model.layers.11.post_attention_layernorm,TRANSFER,527512.753,527513.073,ram,vram0
1223,param_3596_3597,WEIGHT,8.000,model.layers.11.post_attention_layernorm,TRANSFER,527537.209,527537.849,ram,vram0
1223,param_3596_3597,WEIGHT,8.000,model.layers.11.post_attention_layernorm,TRANSFER,527537.209,527537.849,ram,vram0
1225,param_3600_3601,WEIGHT,114688.000,model.layers.11.mlp.gate_proj,TRANSFER,527537.209,532125.049,ram,vram0
1225,param_3600_3601,WEIGHT,114688.000,model.layers.11.mlp.gate_proj,TRANSFER,527537.209,532125.049,ram,vram0
1231,param_3618_3619,WEIGHT,114688.000,model.layers.11.mlp.up_proj,TRANSFER,532260.288,536847.808,ram,vram0
1231,param_3618_3619,WEIGHT,114688.000,model.layers.11.mlp.up_proj,TRANSFER,532260.288,536847.808,ram,vram0
1237,param_3636_3637,WEIGHT,114688.000,model.layers.11.mlp.down_proj,TRANSFER,536981.183,541568.703,ram,vram0
1237,param_3636_3637,WEIGHT,114688.000,model.layers.11.mlp.down_proj,TRANSFER,536981.183,541568.703,ram,vram0
1246,param_3664_3665,WEIGHT,4.000,model.layers.12.input_layernorm,TRANSFER,541744.745,541744.905,ram,vram0
1246,param_3664_3665,WEIGHT,4.000,model.layers.12.input_layernorm,TRANSFER,541744.745,541744.905,ram,vram0
1251,param_3677_3678,WEIGHT,8.000,model.layers.12.input_layernorm,TRANSFER,541778.115,541778.755,ram,vram0
1251,param_3677_3678,WEIGHT,8.000,model.layers.12.input_layernorm,TRANSFER,541778.115,541778.755,ram,vram0
1253,param_3681_3682,WEIGHT,32768.000,model.layers.12.self_attn.q_proj,TRANSFER,541778.115,543089.155,ram,vram0
1253,param_3681_3682,WEIGHT,32768.000,model.layers.12.self_attn.q_proj,TRANSFER,541778.115,543089.155,ram,vram0
1260,param_3701_3702,WEIGHT,8192.000,model.layers.12.self_attn.k_proj,TRANSFER,543146.642,543474.322,ram,vram0
1260,param_3701_3702,WEIGHT,8192.000,model.layers.12.self_attn.k_proj,TRANSFER,543146.642,543474.322,ram,vram0
1267,param_3721_3722,WEIGHT,8192.000,model.layers.12.self_attn.v_proj,TRANSFER,543502.944,543830.624,ram,vram0
1267,param_3721_3722,WEIGHT,8192.000,model.layers.12.self_attn.v_proj,TRANSFER,543502.944,543830.624,ram,vram0
1311,param_3848_3849,WEIGHT,32768.000,model.layers.12.self_attn.o_proj,TRANSFER,544155.552,545466.272,ram,vram0
1311,param_3848_3849,WEIGHT,32768.000,model.layers.12.self_attn.o_proj,TRANSFER,544155.552,545466.272,ram,vram0
1319,param_3875_3876,WEIGHT,4.000,model.layers.12.post_attention_layernorm,TRANSFER,545555.186,545555.346,ram,vram0
1319,param_3875_3876,WEIGHT,4.000,model.layers.12.post_attention_layernorm,TRANSFER,545555.186,545555.346,ram,vram0
1324,param_3888_3889,WEIGHT,8.000,model.layers.12.post_attention_layernorm,TRANSFER,545589.693,545590.333,ram,vram0
1324,param_3888_3889,WEIGHT,8.000,model.layers.12.post_attention_layernorm,TRANSFER,545589.693,545590.333,ram,vram0
1326,param_3892_3893,WEIGHT,114688.000,model.layers.12.mlp.gate_proj,TRANSFER,545589.693,550177.533,ram,vram0
1326,param_3892_3893,WEIGHT,114688.000,model.layers.12.mlp.gate_proj,TRANSFER,545589.693,550177.533,ram,vram0
1332,param_3909_3910,WEIGHT,114688.000,model.layers.12.mlp.up_proj,TRANSFER,550318.292,554905.812,ram,vram0
1332,param_3909_3910,WEIGHT,114688.000,model.layers.12.mlp.up_proj,TRANSFER,550318.292,554905.812,ram,vram0
1338,param_3926_3927,WEIGHT,114688.000,model.layers.12.mlp.down_proj,TRANSFER,555039.461,559626.981,ram,vram0
1338,param_3926_3927,WEIGHT,114688.000,model.layers.12.mlp.down_proj,TRANSFER,555039.461,559626.981,ram,vram0
1347,param_3954_3955,WEIGHT,4.000,model.layers.13.input_layernorm,TRANSFER,559817.298,559817.458,ram,vram0
1347,param_3954_3955,WEIGHT,4.000,model.layers.13.input_layernorm,TRANSFER,559817.298,559817.458,ram,vram0
1352,param_3967_3968,WEIGHT,8.000,model.layers.13.input_layernorm,TRANSFER,559840.182,559840.822,ram,vram0
1352,param_3967_3968,WEIGHT,8.000,model.layers.13.input_layernorm,TRANSFER,559840.182,559840.822,ram,vram0
1354,param_3971_3972,WEIGHT,32768.000,model.layers.13.self_attn.q_proj,TRANSFER,559840.182,561151.222,ram,vram0
1354,param_3971_3972,WEIGHT,32768.000,model.layers.13.self_attn.q_proj,TRANSFER,559840.182,561151.222,ram,vram0
1361,param_3991_3992,WEIGHT,8192.000,model.layers.13.self_attn.k_proj,TRANSFER,561204.612,561532.292,ram,vram0
1361,param_3991_3992,WEIGHT,8192.000,model.layers.13.self_attn.k_proj,TRANSFER,561204.612,561532.292,ram,vram0
1368,param_4011_4012,WEIGHT,8192.000,model.layers.13.self_attn.v_proj,TRANSFER,561568.750,561896.430,ram,vram0
1368,param_4011_4012,WEIGHT,8192.000,model.layers.13.self_attn.v_proj,TRANSFER,561568.750,561896.430,ram,vram0
1412,param_4139_4140,WEIGHT,32768.000,model.layers.13.self_attn.o_proj,TRANSFER,562222.925,563533.645,ram,vram0
1412,param_4139_4140,WEIGHT,32768.000,model.layers.13.self_attn.o_proj,TRANSFER,562222.925,563533.645,ram,vram0
1420,param_4166_4167,WEIGHT,4.000,model.layers.13.post_attention_layernorm,TRANSFER,563640.855,563641.175,ram,vram0
1420,param_4166_4167,WEIGHT,4.000,model.layers.13.post_attention_layernorm,TRANSFER,563640.855,563641.175,ram,vram0
1420,param_4166_4167,WEIGHT,4.000,model.layers.13.post_attention_layernorm,TRANSFER,563640.855,563641.175,ram,vram0
1420,param_4166_4167,WEIGHT,4.000,model.layers.13.post_attention_layernorm,TRANSFER,563640.855,563641.175,ram,vram0
1425,param_4179_4180,WEIGHT,8.000,model.layers.13.post_attention_layernorm,TRANSFER,563669.258,563669.898,ram,vram0
1425,param_4179_4180,WEIGHT,8.000,model.layers.13.post_attention_layernorm,TRANSFER,563669.258,563669.898,ram,vram0
1427,param_4183_4184,WEIGHT,114688.000,model.layers.13.mlp.gate_proj,TRANSFER,563669.258,568257.098,ram,vram0
1427,param_4183_4184,WEIGHT,114688.000,model.layers.13.mlp.gate_proj,TRANSFER,563669.258,568257.098,ram,vram0
1433,param_4200_4201,WEIGHT,114688.000,model.layers.13.mlp.up_proj,TRANSFER,568392.962,572980.482,ram,vram0
1433,param_4200_4201,WEIGHT,114688.000,model.layers.13.mlp.up_proj,TRANSFER,568392.962,572980.482,ram,vram0
1439,param_4218_4219,WEIGHT,114688.000,model.layers.13.mlp.down_proj,TRANSFER,573113.706,577701.226,ram,vram0
1439,param_4218_4219,WEIGHT,114688.000,model.layers.13.mlp.down_proj,TRANSFER,573113.706,577701.226,ram,vram0
1448,param_4246_4247,WEIGHT,4.000,model.layers.14.input_layernorm,TRANSFER,577880.744,577880.904,ram,vram0
1448,param_4246_4247,WEIGHT,4.000,model.layers.14.input_layernorm,TRANSFER,577880.744,577880.904,ram,vram0
1453,param_4259_4260,WEIGHT,8.000,model.layers.14.input_layernorm,TRANSFER,577903.248,577903.888,ram,vram0
1453,param_4259_4260,WEIGHT,8.000,model.layers.14.input_layernorm,TRANSFER,577903.248,577903.888,ram,vram0
1455,param_4263_4264,WEIGHT,32768.000,model.layers.14.self_attn.q_proj,TRANSFER,577903.248,579214.288,ram,vram0
1455,param_4263_4264,WEIGHT,32768.000,model.layers.14.self_attn.q_proj,TRANSFER,577903.248,579214.288,ram,vram0
1462,param_4283_4284,WEIGHT,8192.000,model.layers.14.self_attn.k_proj,TRANSFER,579282.441,579610.121,ram,vram0
1462,param_4283_4284,WEIGHT,8192.000,model.layers.14.self_attn.k_proj,TRANSFER,579282.441,579610.121,ram,vram0
1469,param_4303_4304,WEIGHT,8192.000,model.layers.14.self_attn.v_proj,TRANSFER,579654.525,579982.205,ram,vram0
1469,param_4303_4304,WEIGHT,8192.000,model.layers.14.self_attn.v_proj,TRANSFER,579654.525,579982.205,ram,vram0
1513,param_4432_4433,WEIGHT,32768.000,model.layers.14.self_attn.o_proj,TRANSFER,580335.291,581646.011,ram,vram0
1513,param_4432_4433,WEIGHT,32768.000,model.layers.14.self_attn.o_proj,TRANSFER,580335.291,581646.011,ram,vram0
1521,param_4459_4460,WEIGHT,4.000,model.layers.14.post_attention_layernorm,TRANSFER,581741.287,581741.447,ram,vram0
1521,param_4459_4460,WEIGHT,4.000,model.layers.14.post_attention_layernorm,TRANSFER,581741.287,581741.447,ram,vram0
1526,param_4472_4473,WEIGHT,8.000,model.layers.14.post_attention_layernorm,TRANSFER,581766.006,581766.646,ram,vram0
1526,param_4472_4473,WEIGHT,8.000,model.layers.14.post_attention_layernorm,TRANSFER,581766.006,581766.646,ram,vram0
1528,param_4476_4477,WEIGHT,114688.000,model.layers.14.mlp.gate_proj,TRANSFER,581766.006,586353.846,ram,vram0
1528,param_4476_4477,WEIGHT,114688.000,model.layers.14.mlp.gate_proj,TRANSFER,581766.006,586353.846,ram,vram0
1534,param_4494_4495,WEIGHT,114688.000,model.layers.14.mlp.up_proj,TRANSFER,586491.003,591078.523,ram,vram0
1534,param_4494_4495,WEIGHT,114688.000,model.layers.14.mlp.up_proj,TRANSFER,586491.003,591078.523,ram,vram0
1540,param_4512_4513,WEIGHT,114688.000,model.layers.14.mlp.down_proj,TRANSFER,591211.250,595798.770,ram,vram0
1540,param_4512_4513,WEIGHT,114688.000,model.layers.14.mlp.down_proj,TRANSFER,591211.250,595798.770,ram,vram0
1549,param_4540_4541,WEIGHT,4.000,model.layers.15.input_layernorm,TRANSFER,595975.700,595976.020,ram,vram0
1549,param_4540_4541,WEIGHT,4.000,model.layers.15.input_layernorm,TRANSFER,595975.700,595976.020,ram,vram0
1549,param_4540_4541,WEIGHT,4.000,model.layers.15.input_layernorm,TRANSFER,595975.700,595976.020,ram,vram0
1549,param_4540_4541,WEIGHT,4.000,model.layers.15.input_layernorm,TRANSFER,595975.700,595976.020,ram,vram0
1554,param_4553_4554,WEIGHT,8.000,model.layers.15.input_layernorm,TRANSFER,595997.341,595997.981,ram,vram0
1554,param_4553_4554,WEIGHT,8.000,model.layers.15.input_layernorm,TRANSFER,595997.341,595997.981,ram,vram0
1556,param_4557_4558,WEIGHT,32768.000,model.layers.15.self_attn.q_proj,TRANSFER,595997.341,597308.381,ram,vram0
1556,param_4557_4558,WEIGHT,32768.000,model.layers.15.self_attn.q_proj,TRANSFER,595997.341,597308.381,ram,vram0
1563,param_4577_4578,WEIGHT,8192.000,model.layers.15.self_attn.k_proj,TRANSFER,597371.428,597699.108,ram,vram0
1563,param_4577_4578,WEIGHT,8192.000,model.layers.15.self_attn.k_proj,TRANSFER,597371.428,597699.108,ram,vram0
1570,param_4597_4598,WEIGHT,8192.000,model.layers.15.self_attn.v_proj,TRANSFER,597726.038,598053.718,ram,vram0
1570,param_4597_4598,WEIGHT,8192.000,model.layers.15.self_attn.v_proj,TRANSFER,597726.038,598053.718,ram,vram0
1614,param_4724_4725,WEIGHT,32768.000,model.layers.15.self_attn.o_proj,TRANSFER,598355.590,599666.310,ram,vram0
1614,param_4724_4725,WEIGHT,32768.000,model.layers.15.self_attn.o_proj,TRANSFER,598355.590,599666.310,ram,vram0
1622,param_4751_4752,WEIGHT,4.000,model.layers.15.post_attention_layernorm,TRANSFER,599751.624,599751.944,ram,vram0
1622,param_4751_4752,WEIGHT,4.000,model.layers.15.post_attention_layernorm,TRANSFER,599751.624,599751.944,ram,vram0
1622,param_4751_4752,WEIGHT,4.000,model.layers.15.post_attention_layernorm,TRANSFER,599751.624,599751.944,ram,vram0
1622,param_4751_4752,WEIGHT,4.000,model.layers.15.post_attention_layernorm,TRANSFER,599751.624,599751.944,ram,vram0
1627,param_4764_4765,WEIGHT,8.000,model.layers.15.post_attention_layernorm,TRANSFER,599774.719,599775.359,ram,vram0
1627,param_4764_4765,WEIGHT,8.000,model.layers.15.post_attention_layernorm,TRANSFER,599774.719,599775.359,ram,vram0
1629,param_4768_4769,WEIGHT,114688.000,model.layers.15.mlp.gate_proj,TRANSFER,599774.719,604362.559,ram,vram0
1629,param_4768_4769,WEIGHT,114688.000,model.layers.15.mlp.gate_proj,TRANSFER,599774.719,604362.559,ram,vram0
1635,param_4785_4786,WEIGHT,114688.000,model.layers.15.mlp.up_proj,TRANSFER,604498.684,609086.204,ram,vram0
1635,param_4785_4786,WEIGHT,114688.000,model.layers.15.mlp.up_proj,TRANSFER,604498.684,609086.204,ram,vram0
1641,param_4802_4803,WEIGHT,114688.000,model.layers.15.mlp.down_proj,TRANSFER,609223.138,613810.658,ram,vram0
1641,param_4802_4803,WEIGHT,114688.000,model.layers.15.mlp.down_proj,TRANSFER,609223.138,613810.658,ram,vram0
1650,param_4830_4831,WEIGHT,4.000,model.layers.16.input_layernorm,TRANSFER,613986.025,613986.185,ram,vram0
1650,param_4830_4831,WEIGHT,4.000,model.layers.16.input_layernorm,TRANSFER,613986.025,613986.185,ram,vram0
1655,param_4843_4844,WEIGHT,8.000,model.layers.16.input_layernorm,TRANSFER,614009.038,614009.678,ram,vram0
1655,param_4843_4844,WEIGHT,8.000,model.layers.16.input_layernorm,TRANSFER,614009.038,614009.678,ram,vram0
1657,param_4847_4848,WEIGHT,32768.000,model.layers.16.self_attn.q_proj,TRANSFER,614009.038,615320.078,ram,vram0
1657,param_4847_4848,WEIGHT,32768.000,model.layers.16.self_attn.q_proj,TRANSFER,614009.038,615320.078,ram,vram0
1664,param_4867_4868,WEIGHT,8192.000,model.layers.16.self_attn.k_proj,TRANSFER,615385.994,615713.674,ram,vram0
1664,param_4867_4868,WEIGHT,8192.000,model.layers.16.self_attn.k_proj,TRANSFER,615385.994,615713.674,ram,vram0
1671,param_4887_4888,WEIGHT,8192.000,model.layers.16.self_attn.v_proj,TRANSFER,615741.086,616068.766,ram,vram0
1671,param_4887_4888,WEIGHT,8192.000,model.layers.16.self_attn.v_proj,TRANSFER,615741.086,616068.766,ram,vram0
1715,param_5015_5016,WEIGHT,32768.000,model.layers.16.self_attn.o_proj,TRANSFER,616394.294,617705.014,ram,vram0
1715,param_5015_5016,WEIGHT,32768.000,model.layers.16.self_attn.o_proj,TRANSFER,616394.294,617705.014,ram,vram0
1730,param_5059_5060,WEIGHT,114688.000,model.layers.16.mlp.gate_proj,TRANSFER,617781.568,622369.568,ram,vram0
1730,param_5059_5060,WEIGHT,114688.000,model.layers.16.mlp.gate_proj,TRANSFER,617781.568,622369.568,ram,vram0
1723,param_5042_5043,WEIGHT,4.000,model.layers.16.post_attention_layernorm,TRANSFER,617809.799,617810.119,ram,vram0
1723,param_5042_5043,WEIGHT,4.000,model.layers.16.post_attention_layernorm,TRANSFER,617809.799,617810.119,ram,vram0
1728,param_5055_5056,WEIGHT,8.000,model.layers.16.post_attention_layernorm,TRANSFER,617814.823,617815.463,ram,vram0
1728,param_5055_5056,WEIGHT,8.000,model.layers.16.post_attention_layernorm,TRANSFER,617814.823,617815.463,ram,vram0
1736,param_5076_5077,WEIGHT,114688.000,model.layers.16.mlp.up_proj,TRANSFER,622369.568,626957.088,ram,vram0
1736,param_5076_5077,WEIGHT,114688.000,model.layers.16.mlp.up_proj,TRANSFER,622369.568,626957.088,ram,vram0
1742,param_5094_5095,WEIGHT,114688.000,model.layers.16.mlp.down_proj,TRANSFER,626957.088,631550.208,ram,vram0
1742,param_5094_5095,WEIGHT,114688.000,model.layers.16.mlp.down_proj,TRANSFER,626957.088,631550.208,ram,vram0
1758,param_5139_5140,WEIGHT,32768.000,model.layers.17.self_attn.q_proj,TRANSFER,631601.863,632913.063,ram,vram0
1758,param_5139_5140,WEIGHT,32768.000,model.layers.17.self_attn.q_proj,TRANSFER,631601.863,632913.063,ram,vram0
1751,param_5122_5123,WEIGHT,4.000,model.layers.17.input_layernorm,TRANSFER,631684.545,631684.865,ram,vram0
1751,param_5122_5123,WEIGHT,4.000,model.layers.17.input_layernorm,TRANSFER,631684.545,631684.865,ram,vram0
1756,param_5135_5136,WEIGHT,8.000,model.layers.17.input_layernorm,TRANSFER,631689.729,631690.369,ram,vram0
1756,param_5135_5136,WEIGHT,8.000,model.layers.17.input_layernorm,TRANSFER,631689.729,631690.369,ram,vram0
1765,param_5159_5160,WEIGHT,8192.000,model.layers.17.self_attn.k_proj,TRANSFER,632970.158,633297.838,ram,vram0
1765,param_5159_5160,WEIGHT,8192.000,model.layers.17.self_attn.k_proj,TRANSFER,632970.158,633297.838,ram,vram0
1772,param_5179_5180,WEIGHT,8192.000,model.layers.17.self_attn.v_proj,TRANSFER,633326.929,633654.609,ram,vram0
1772,param_5179_5180,WEIGHT,8192.000,model.layers.17.self_attn.v_proj,TRANSFER,633326.929,633654.609,ram,vram0
1816,param_5308_5309,WEIGHT,32768.000,model.layers.17.self_attn.o_proj,TRANSFER,633970.080,635280.800,ram,vram0
1816,param_5308_5309,WEIGHT,32768.000,model.layers.17.self_attn.o_proj,TRANSFER,633970.080,635280.800,ram,vram0
1824,param_5335_5336,WEIGHT,4.000,model.layers.17.post_attention_layernorm,TRANSFER,635364.991,635365.151,ram,vram0
1824,param_5335_5336,WEIGHT,4.000,model.layers.17.post_attention_layernorm,TRANSFER,635364.991,635365.151,ram,vram0
1829,param_5348_5349,WEIGHT,8.000,model.layers.17.post_attention_layernorm,TRANSFER,635399.366,635400.006,ram,vram0
1829,param_5348_5349,WEIGHT,8.000,model.layers.17.post_attention_layernorm,TRANSFER,635399.366,635400.006,ram,vram0
1831,param_5352_5353,WEIGHT,114688.000,model.layers.17.mlp.gate_proj,TRANSFER,635399.366,639987.206,ram,vram0
1831,param_5352_5353,WEIGHT,114688.000,model.layers.17.mlp.gate_proj,TRANSFER,635399.366,639987.206,ram,vram0
1837,param_5370_5371,WEIGHT,114688.000,model.layers.17.mlp.up_proj,TRANSFER,640121.896,644709.416,ram,vram0
1837,param_5370_5371,WEIGHT,114688.000,model.layers.17.mlp.up_proj,TRANSFER,640121.896,644709.416,ram,vram0
1843,param_5388_5389,WEIGHT,114688.000,model.layers.17.mlp.down_proj,TRANSFER,644841.887,649429.407,ram,vram0
1843,param_5388_5389,WEIGHT,114688.000,model.layers.17.mlp.down_proj,TRANSFER,644841.887,649429.407,ram,vram0
1852,param_5416_5417,WEIGHT,4.000,model.layers.18.input_layernorm,TRANSFER,649618.853,649619.013,ram,vram0
1852,param_5416_5417,WEIGHT,4.000,model.layers.18.input_layernorm,TRANSFER,649618.853,649619.013,ram,vram0
1857,param_5429_5430,WEIGHT,8.000,model.layers.18.input_layernorm,TRANSFER,649642.487,649643.127,ram,vram0
1857,param_5429_5430,WEIGHT,8.000,model.layers.18.input_layernorm,TRANSFER,649642.487,649643.127,ram,vram0
1859,param_5433_5434,WEIGHT,32768.000,model.layers.18.self_attn.q_proj,TRANSFER,649642.487,650953.527,ram,vram0
1859,param_5433_5434,WEIGHT,32768.000,model.layers.18.self_attn.q_proj,TRANSFER,649642.487,650953.527,ram,vram0
1866,param_5453_5454,WEIGHT,8192.000,model.layers.18.self_attn.k_proj,TRANSFER,651009.532,651337.212,ram,vram0
1866,param_5453_5454,WEIGHT,8192.000,model.layers.18.self_attn.k_proj,TRANSFER,651009.532,651337.212,ram,vram0
1873,param_5473_5474,WEIGHT,8192.000,model.layers.18.self_attn.v_proj,TRANSFER,651372.001,651699.681,ram,vram0
1873,param_5473_5474,WEIGHT,8192.000,model.layers.18.self_attn.v_proj,TRANSFER,651372.001,651699.681,ram,vram0
1917,param_5600_5601,WEIGHT,32768.000,model.layers.18.self_attn.o_proj,TRANSFER,652014.268,653324.988,ram,vram0
1917,param_5600_5601,WEIGHT,32768.000,model.layers.18.self_attn.o_proj,TRANSFER,652014.268,653324.988,ram,vram0
1925,param_5627_5628,WEIGHT,4.000,model.layers.18.post_attention_layernorm,TRANSFER,653440.130,653440.290,ram,vram0
1925,param_5627_5628,WEIGHT,4.000,model.layers.18.post_attention_layernorm,TRANSFER,653440.130,653440.290,ram,vram0
1930,param_5640_5641,WEIGHT,8.000,model.layers.18.post_attention_layernorm,TRANSFER,653463.964,653464.604,ram,vram0
1930,param_5640_5641,WEIGHT,8.000,model.layers.18.post_attention_layernorm,TRANSFER,653463.964,653464.604,ram,vram0
1932,param_5644_5645,WEIGHT,114688.000,model.layers.18.mlp.gate_proj,TRANSFER,653463.964,658051.804,ram,vram0
1932,param_5644_5645,WEIGHT,114688.000,model.layers.18.mlp.gate_proj,TRANSFER,653463.964,658051.804,ram,vram0
1938,param_5661_5662,WEIGHT,114688.000,model.layers.18.mlp.up_proj,TRANSFER,658186.289,662773.809,ram,vram0
1938,param_5661_5662,WEIGHT,114688.000,model.layers.18.mlp.up_proj,TRANSFER,658186.289,662773.809,ram,vram0
1944,param_5678_5679,WEIGHT,114688.000,model.layers.18.mlp.down_proj,TRANSFER,662777.826,667365.346,ram,vram0
1944,param_5678_5679,WEIGHT,114688.000,model.layers.18.mlp.down_proj,TRANSFER,662777.826,667365.346,ram,vram0
1953,param_5706_5707,WEIGHT,4.000,model.layers.19.input_layernorm,TRANSFER,667555.040,667555.200,ram,vram0
1953,param_5706_5707,WEIGHT,4.000,model.layers.19.input_layernorm,TRANSFER,667555.040,667555.200,ram,vram0
1958,param_5719_5720,WEIGHT,8.000,model.layers.19.input_layernorm,TRANSFER,667578.875,667579.515,ram,vram0
1958,param_5719_5720,WEIGHT,8.000,model.layers.19.input_layernorm,TRANSFER,667578.875,667579.515,ram,vram0
1960,param_5723_5724,WEIGHT,32768.000,model.layers.19.self_attn.q_proj,TRANSFER,667578.875,668889.915,ram,vram0
1960,param_5723_5724,WEIGHT,32768.000,model.layers.19.self_attn.q_proj,TRANSFER,667578.875,668889.915,ram,vram0
1967,param_5743_5744,WEIGHT,8192.000,model.layers.19.self_attn.k_proj,TRANSFER,668954.951,669282.631,ram,vram0
1967,param_5743_5744,WEIGHT,8192.000,model.layers.19.self_attn.k_proj,TRANSFER,668954.951,669282.631,ram,vram0
1974,param_5763_5764,WEIGHT,8192.000,model.layers.19.self_attn.v_proj,TRANSFER,669319.725,669647.405,ram,vram0
1974,param_5763_5764,WEIGHT,8192.000,model.layers.19.self_attn.v_proj,TRANSFER,669319.725,669647.405,ram,vram0
2018,param_5891_5892,WEIGHT,32768.000,model.layers.19.self_attn.o_proj,TRANSFER,669995.303,671306.023,ram,vram0
2018,param_5891_5892,WEIGHT,32768.000,model.layers.19.self_attn.o_proj,TRANSFER,669995.303,671306.023,ram,vram0
2033,param_5935_5936,WEIGHT,114688.000,model.layers.19.mlp.gate_proj,TRANSFER,671394.006,685085.256,ram,vram0
2033,param_5935_5936,WEIGHT,114688.000,model.layers.19.mlp.gate_proj,TRANSFER,671394.006,685085.256,ram,vram0
2039,param_5952_5953,WEIGHT,114688.000,model.layers.19.mlp.up_proj,TRANSFER,671421.375,685145.594,ram,vram0
2039,param_5952_5953,WEIGHT,114688.000,model.layers.19.mlp.up_proj,TRANSFER,671421.375,685145.594,ram,vram0
2026,param_5918_5919,WEIGHT,4.000,model.layers.19.post_attention_layernorm,TRANSFER,671448.779,671449.259,ram,vram0
2026,param_5918_5919,WEIGHT,4.000,model.layers.19.post_attention_layernorm,TRANSFER,671448.779,671449.259,ram,vram0
2031,param_5931_5932,WEIGHT,8.000,model.layers.19.post_attention_layernorm,TRANSFER,671453.770,671454.730,ram,vram0
2031,param_5931_5932,WEIGHT,8.000,model.layers.19.post_attention_layernorm,TRANSFER,671453.770,671454.730,ram,vram0
2045,param_5970_5971,WEIGHT,114688.000,model.layers.19.mlp.down_proj,TRANSFER,671455.959,685162.646,ram,vram0
2045,param_5970_5971,WEIGHT,114688.000,model.layers.19.mlp.down_proj,TRANSFER,671455.959,685162.646,ram,vram0
2061,param_6015_6016,WEIGHT,32768.000,model.layers.20.self_attn.q_proj,TRANSFER,685183.698,687150.258,ram,vram0
2061,param_6015_6016,WEIGHT,32768.000,model.layers.20.self_attn.q_proj,TRANSFER,685183.698,687150.258,ram,vram0
2068,param_6035_6036,WEIGHT,8192.000,model.layers.20.self_attn.k_proj,TRANSFER,685223.072,686184.086,ram,vram0
2068,param_6035_6036,WEIGHT,8192.000,model.layers.20.self_attn.k_proj,TRANSFER,685223.072,686184.086,ram,vram0
2075,param_6055_6056,WEIGHT,8192.000,model.layers.20.self_attn.v_proj,TRANSFER,685268.085,686229.099,ram,vram0
2075,param_6055_6056,WEIGHT,8192.000,model.layers.20.self_attn.v_proj,TRANSFER,685268.085,686229.099,ram,vram0
2054,param_5998_5999,WEIGHT,4.000,model.layers.20.input_layernorm,TRANSFER,685505.642,685506.282,ram,vram0
2054,param_5998_5999,WEIGHT,4.000,model.layers.20.input_layernorm,TRANSFER,685505.642,685506.282,ram,vram0
2059,param_6011_6012,WEIGHT,8.000,model.layers.20.input_layernorm,TRANSFER,685510.986,685512.266,ram,vram0
2059,param_6011_6012,WEIGHT,8.000,model.layers.20.input_layernorm,TRANSFER,685510.986,685512.266,ram,vram0
2119,param_6184_6185,WEIGHT,32768.000,model.layers.20.self_attn.o_proj,TRANSFER,687434.261,688744.981,ram,vram0
2119,param_6184_6185,WEIGHT,32768.000,model.layers.20.self_attn.o_proj,TRANSFER,687434.261,688744.981,ram,vram0
2127,param_6211_6212,WEIGHT,4.000,model.layers.20.post_attention_layernorm,TRANSFER,688830.415,688830.735,ram,vram0
2127,param_6211_6212,WEIGHT,4.000,model.layers.20.post_attention_layernorm,TRANSFER,688830.415,688830.735,ram,vram0
2127,param_6211_6212,WEIGHT,4.000,model.layers.20.post_attention_layernorm,TRANSFER,688830.415,688830.735,ram,vram0
2127,param_6211_6212,WEIGHT,4.000,model.layers.20.post_attention_layernorm,TRANSFER,688830.415,688830.735,ram,vram0
2132,param_6224_6225,WEIGHT,8.000,model.layers.20.post_attention_layernorm,TRANSFER,688853.789,688854.429,ram,vram0
2132,param_6224_6225,WEIGHT,8.000,model.layers.20.post_attention_layernorm,TRANSFER,688853.789,688854.429,ram,vram0
2134,param_6228_6229,WEIGHT,114688.000,model.layers.20.mlp.gate_proj,TRANSFER,688853.789,693441.629,ram,vram0
2134,param_6228_6229,WEIGHT,114688.000,model.layers.20.mlp.gate_proj,TRANSFER,688853.789,693441.629,ram,vram0
2140,param_6246_6247,WEIGHT,114688.000,model.layers.20.mlp.up_proj,TRANSFER,693577.605,698165.125,ram,vram0
2140,param_6246_6247,WEIGHT,114688.000,model.layers.20.mlp.up_proj,TRANSFER,693577.605,698165.125,ram,vram0
2146,param_6264_6265,WEIGHT,114688.000,model.layers.20.mlp.down_proj,TRANSFER,698300.756,702888.276,ram,vram0
2146,param_6264_6265,WEIGHT,114688.000,model.layers.20.mlp.down_proj,TRANSFER,698300.756,702888.276,ram,vram0
2155,param_6292_6293,WEIGHT,4.000,model.layers.21.input_layernorm,TRANSFER,703067.945,703068.265,ram,vram0
2155,param_6292_6293,WEIGHT,4.000,model.layers.21.input_layernorm,TRANSFER,703067.945,703068.265,ram,vram0
2155,param_6292_6293,WEIGHT,4.000,model.layers.21.input_layernorm,TRANSFER,703067.945,703068.265,ram,vram0
2155,param_6292_6293,WEIGHT,4.000,model.layers.21.input_layernorm,TRANSFER,703067.945,703068.265,ram,vram0
2160,param_6305_6306,WEIGHT,8.000,model.layers.21.input_layernorm,TRANSFER,703094.445,703095.085,ram,vram0
2160,param_6305_6306,WEIGHT,8.000,model.layers.21.input_layernorm,TRANSFER,703094.445,703095.085,ram,vram0
2162,param_6309_6310,WEIGHT,32768.000,model.layers.21.self_attn.q_proj,TRANSFER,703094.445,704405.485,ram,vram0
2162,param_6309_6310,WEIGHT,32768.000,model.layers.21.self_attn.q_proj,TRANSFER,703094.445,704405.485,ram,vram0
2169,param_6329_6330,WEIGHT,8192.000,model.layers.21.self_attn.k_proj,TRANSFER,704470.971,704798.651,ram,vram0
2169,param_6329_6330,WEIGHT,8192.000,model.layers.21.self_attn.k_proj,TRANSFER,704470.971,704798.651,ram,vram0
2176,param_6349_6350,WEIGHT,8192.000,model.layers.21.self_attn.v_proj,TRANSFER,704828.258,705155.938,ram,vram0
2176,param_6349_6350,WEIGHT,8192.000,model.layers.21.self_attn.v_proj,TRANSFER,704828.258,705155.938,ram,vram0
2220,param_6476_6477,WEIGHT,32768.000,model.layers.21.self_attn.o_proj,TRANSFER,705470.295,706781.015,ram,vram0
2220,param_6476_6477,WEIGHT,32768.000,model.layers.21.self_attn.o_proj,TRANSFER,705470.295,706781.015,ram,vram0
2228,param_6503_6504,WEIGHT,4.000,model.layers.21.post_attention_layernorm,TRANSFER,706881.657,706881.817,ram,vram0
2228,param_6503_6504,WEIGHT,4.000,model.layers.21.post_attention_layernorm,TRANSFER,706881.657,706881.817,ram,vram0
2233,param_6516_6517,WEIGHT,8.000,model.layers.21.post_attention_layernorm,TRANSFER,706906.627,706907.267,ram,vram0
2233,param_6516_6517,WEIGHT,8.000,model.layers.21.post_attention_layernorm,TRANSFER,706906.627,706907.267,ram,vram0
2235,param_6520_6521,WEIGHT,114688.000,model.layers.21.mlp.gate_proj,TRANSFER,706906.627,711494.467,ram,vram0
2235,param_6520_6521,WEIGHT,114688.000,model.layers.21.mlp.gate_proj,TRANSFER,706906.627,711494.467,ram,vram0
2241,param_6537_6538,WEIGHT,114688.000,model.layers.21.mlp.up_proj,TRANSFER,711632.665,716220.185,ram,vram0
2241,param_6537_6538,WEIGHT,114688.000,model.layers.21.mlp.up_proj,TRANSFER,711632.665,716220.185,ram,vram0
2247,param_6554_6555,WEIGHT,114688.000,model.layers.21.mlp.down_proj,TRANSFER,716354.927,720942.447,ram,vram0
2247,param_6554_6555,WEIGHT,114688.000,model.layers.21.mlp.down_proj,TRANSFER,716354.927,720942.447,ram,vram0
2256,param_6582_6583,WEIGHT,4.000,model.layers.22.input_layernorm,TRANSFER,721120.471,721120.631,ram,vram0
2256,param_6582_6583,WEIGHT,4.000,model.layers.22.input_layernorm,TRANSFER,721120.471,721120.631,ram,vram0
2261,param_6595_6596,WEIGHT,8.000,model.layers.22.input_layernorm,TRANSFER,721155.776,721156.416,ram,vram0
2261,param_6595_6596,WEIGHT,8.000,model.layers.22.input_layernorm,TRANSFER,721155.776,721156.416,ram,vram0
2263,param_6599_6600,WEIGHT,32768.000,model.layers.22.self_attn.q_proj,TRANSFER,721155.776,722466.816,ram,vram0
2263,param_6599_6600,WEIGHT,32768.000,model.layers.22.self_attn.q_proj,TRANSFER,721155.776,722466.816,ram,vram0
2270,param_6619_6620,WEIGHT,8192.000,model.layers.22.self_attn.k_proj,TRANSFER,722519.883,722847.563,ram,vram0
2270,param_6619_6620,WEIGHT,8192.000,model.layers.22.self_attn.k_proj,TRANSFER,722519.883,722847.563,ram,vram0
2277,param_6639_6640,WEIGHT,8192.000,model.layers.22.self_attn.v_proj,TRANSFER,722873.535,723201.215,ram,vram0
2277,param_6639_6640,WEIGHT,8192.000,model.layers.22.self_attn.v_proj,TRANSFER,722873.535,723201.215,ram,vram0
2321,param_6767_6768,WEIGHT,32768.000,model.layers.22.self_attn.o_proj,TRANSFER,723522.494,724833.214,ram,vram0
2321,param_6767_6768,WEIGHT,32768.000,model.layers.22.self_attn.o_proj,TRANSFER,723522.494,724833.214,ram,vram0
2329,param_6794_6795,WEIGHT,4.000,model.layers.22.post_attention_layernorm,TRANSFER,724922.544,724922.704,ram,vram0
2329,param_6794_6795,WEIGHT,4.000,model.layers.22.post_attention_layernorm,TRANSFER,724922.544,724922.704,ram,vram0
2334,param_6807_6808,WEIGHT,8.000,model.layers.22.post_attention_layernorm,TRANSFER,724957.662,724958.302,ram,vram0
2334,param_6807_6808,WEIGHT,8.000,model.layers.22.post_attention_layernorm,TRANSFER,724957.662,724958.302,ram,vram0
2336,param_6811_6812,WEIGHT,114688.000,model.layers.22.mlp.gate_proj,TRANSFER,724957.662,729545.502,ram,vram0
2336,param_6811_6812,WEIGHT,114688.000,model.layers.22.mlp.gate_proj,TRANSFER,724957.662,729545.502,ram,vram0
2342,param_6828_6829,WEIGHT,114688.000,model.layers.22.mlp.up_proj,TRANSFER,729680.934,734268.454,ram,vram0
2342,param_6828_6829,WEIGHT,114688.000,model.layers.22.mlp.up_proj,TRANSFER,729680.934,734268.454,ram,vram0
2348,param_6846_6847,WEIGHT,114688.000,model.layers.22.mlp.down_proj,TRANSFER,734403.576,738991.096,ram,vram0
2348,param_6846_6847,WEIGHT,114688.000,model.layers.22.mlp.down_proj,TRANSFER,734403.576,738991.096,ram,vram0
2357,param_6874_6875,WEIGHT,4.000,model.layers.23.input_layernorm,TRANSFER,739177.235,739177.555,ram,vram0
2357,param_6874_6875,WEIGHT,4.000,model.layers.23.input_layernorm,TRANSFER,739177.235,739177.555,ram,vram0
2357,param_6874_6875,WEIGHT,4.000,model.layers.23.input_layernorm,TRANSFER,739177.235,739177.555,ram,vram0
2357,param_6874_6875,WEIGHT,4.000,model.layers.23.input_layernorm,TRANSFER,739177.235,739177.555,ram,vram0
2362,param_6887_6888,WEIGHT,8.000,model.layers.23.input_layernorm,TRANSFER,739201.951,739202.591,ram,vram0
2362,param_6887_6888,WEIGHT,8.000,model.layers.23.input_layernorm,TRANSFER,739201.951,739202.591,ram,vram0
2364,param_6891_6892,WEIGHT,32768.000,model.layers.23.self_attn.q_proj,TRANSFER,739201.951,740512.991,ram,vram0
2364,param_6891_6892,WEIGHT,32768.000,model.layers.23.self_attn.q_proj,TRANSFER,739201.951,740512.991,ram,vram0
2371,param_6911_6912,WEIGHT,8192.000,model.layers.23.self_attn.k_proj,TRANSFER,740566.535,740894.215,ram,vram0
2371,param_6911_6912,WEIGHT,8192.000,model.layers.23.self_attn.k_proj,TRANSFER,740566.535,740894.215,ram,vram0
2378,param_6931_6932,WEIGHT,8192.000,model.layers.23.self_attn.v_proj,TRANSFER,740933.340,741261.020,ram,vram0
2378,param_6931_6932,WEIGHT,8192.000,model.layers.23.self_attn.v_proj,TRANSFER,740933.340,741261.020,ram,vram0
2422,param_7060_7061,WEIGHT,32768.000,model.layers.23.self_attn.o_proj,TRANSFER,741588.168,742898.888,ram,vram0
2422,param_7060_7061,WEIGHT,32768.000,model.layers.23.self_attn.o_proj,TRANSFER,741588.168,742898.888,ram,vram0
2430,param_7087_7088,WEIGHT,4.000,model.layers.23.post_attention_layernorm,TRANSFER,743004.950,743005.110,ram,vram0
2430,param_7087_7088,WEIGHT,4.000,model.layers.23.post_attention_layernorm,TRANSFER,743004.950,743005.110,ram,vram0
2435,param_7100_7101,WEIGHT,8.000,model.layers.23.post_attention_layernorm,TRANSFER,743030.873,743031.513,ram,vram0
2435,param_7100_7101,WEIGHT,8.000,model.layers.23.post_attention_layernorm,TRANSFER,743030.873,743031.513,ram,vram0
2437,param_7104_7105,WEIGHT,114688.000,model.layers.23.mlp.gate_proj,TRANSFER,743030.873,747618.713,ram,vram0
2437,param_7104_7105,WEIGHT,114688.000,model.layers.23.mlp.gate_proj,TRANSFER,743030.873,747618.713,ram,vram0
2443,param_7122_7123,WEIGHT,114688.000,model.layers.23.mlp.up_proj,TRANSFER,747755.538,752343.058,ram,vram0
2443,param_7122_7123,WEIGHT,114688.000,model.layers.23.mlp.up_proj,TRANSFER,747755.538,752343.058,ram,vram0
2449,param_7140_7141,WEIGHT,114688.000,model.layers.23.mlp.down_proj,TRANSFER,752477.219,757064.739,ram,vram0
2449,param_7140_7141,WEIGHT,114688.000,model.layers.23.mlp.down_proj,TRANSFER,752477.219,757064.739,ram,vram0
2458,param_7168_7169,WEIGHT,4.000,model.layers.24.input_layernorm,TRANSFER,757249.832,757249.992,ram,vram0
2458,param_7168_7169,WEIGHT,4.000,model.layers.24.input_layernorm,TRANSFER,757249.832,757249.992,ram,vram0
2463,param_7181_7182,WEIGHT,8.000,model.layers.24.input_layernorm,TRANSFER,757273.868,757274.508,ram,vram0
2463,param_7181_7182,WEIGHT,8.000,model.layers.24.input_layernorm,TRANSFER,757273.868,757274.508,ram,vram0
2465,param_7185_7186,WEIGHT,32768.000,model.layers.24.self_attn.q_proj,TRANSFER,757273.868,758584.908,ram,vram0
2465,param_7185_7186,WEIGHT,32768.000,model.layers.24.self_attn.q_proj,TRANSFER,757273.868,758584.908,ram,vram0
2472,param_7205_7206,WEIGHT,8192.000,model.layers.24.self_attn.k_proj,TRANSFER,758654.122,758981.802,ram,vram0
2472,param_7205_7206,WEIGHT,8192.000,model.layers.24.self_attn.k_proj,TRANSFER,758654.122,758981.802,ram,vram0
2479,param_7225_7226,WEIGHT,8192.000,model.layers.24.self_attn.v_proj,TRANSFER,759018.437,759346.117,ram,vram0
2479,param_7225_7226,WEIGHT,8192.000,model.layers.24.self_attn.v_proj,TRANSFER,759018.437,759346.117,ram,vram0
2523,param_7352_7353,WEIGHT,32768.000,model.layers.24.self_attn.o_proj,TRANSFER,759695.280,761006.000,ram,vram0
2523,param_7352_7353,WEIGHT,32768.000,model.layers.24.self_attn.o_proj,TRANSFER,759695.280,761006.000,ram,vram0
2531,param_7379_7380,WEIGHT,4.000,model.layers.24.post_attention_layernorm,TRANSFER,761103.339,761103.499,ram,vram0
2531,param_7379_7380,WEIGHT,4.000,model.layers.24.post_attention_layernorm,TRANSFER,761103.339,761103.499,ram,vram0
2536,param_7392_7393,WEIGHT,8.000,model.layers.24.post_attention_layernorm,TRANSFER,761128.330,761128.970,ram,vram0
2536,param_7392_7393,WEIGHT,8.000,model.layers.24.post_attention_layernorm,TRANSFER,761128.330,761128.970,ram,vram0
2538,param_7396_7397,WEIGHT,114688.000,model.layers.24.mlp.gate_proj,TRANSFER,761128.330,765716.170,ram,vram0
2538,param_7396_7397,WEIGHT,114688.000,model.layers.24.mlp.gate_proj,TRANSFER,761128.330,765716.170,ram,vram0
2544,param_7413_7414,WEIGHT,114688.000,model.layers.24.mlp.up_proj,TRANSFER,765851.373,770438.893,ram,vram0
2544,param_7413_7414,WEIGHT,114688.000,model.layers.24.mlp.up_proj,TRANSFER,765851.373,770438.893,ram,vram0
2550,param_7430_7431,WEIGHT,114688.000,model.layers.24.mlp.down_proj,TRANSFER,770571.921,775159.441,ram,vram0
2550,param_7430_7431,WEIGHT,114688.000,model.layers.24.mlp.down_proj,TRANSFER,770571.921,775159.441,ram,vram0
2559,param_7458_7459,WEIGHT,4.000,model.layers.25.input_layernorm,TRANSFER,775336.949,775337.269,ram,vram0
2559,param_7458_7459,WEIGHT,4.000,model.layers.25.input_layernorm,TRANSFER,775336.949,775337.269,ram,vram0
2559,param_7458_7459,WEIGHT,4.000,model.layers.25.input_layernorm,TRANSFER,775336.949,775337.269,ram,vram0
2559,param_7458_7459,WEIGHT,4.000,model.layers.25.input_layernorm,TRANSFER,775336.949,775337.269,ram,vram0
2564,param_7471_7472,WEIGHT,8.000,model.layers.25.input_layernorm,TRANSFER,775360.995,775361.635,ram,vram0
2564,param_7471_7472,WEIGHT,8.000,model.layers.25.input_layernorm,TRANSFER,775360.995,775361.635,ram,vram0
2566,param_7475_7476,WEIGHT,32768.000,model.layers.25.self_attn.q_proj,TRANSFER,775360.995,776672.035,ram,vram0
2566,param_7475_7476,WEIGHT,32768.000,model.layers.25.self_attn.q_proj,TRANSFER,775360.995,776672.035,ram,vram0
2573,param_7495_7496,WEIGHT,8192.000,model.layers.25.self_attn.k_proj,TRANSFER,776730.411,777058.091,ram,vram0
2573,param_7495_7496,WEIGHT,8192.000,model.layers.25.self_attn.k_proj,TRANSFER,776730.411,777058.091,ram,vram0
2580,param_7515_7516,WEIGHT,8192.000,model.layers.25.self_attn.v_proj,TRANSFER,777095.444,777423.124,ram,vram0
2580,param_7515_7516,WEIGHT,8192.000,model.layers.25.self_attn.v_proj,TRANSFER,777095.444,777423.124,ram,vram0
2624,param_7643_7644,WEIGHT,32768.000,model.layers.25.self_attn.o_proj,TRANSFER,777819.342,779130.062,ram,vram0
2624,param_7643_7644,WEIGHT,32768.000,model.layers.25.self_attn.o_proj,TRANSFER,777819.342,779130.062,ram,vram0
2632,param_7670_7671,WEIGHT,4.000,model.layers.25.post_attention_layernorm,TRANSFER,779242.170,779242.490,ram,vram0
2632,param_7670_7671,WEIGHT,4.000,model.layers.25.post_attention_layernorm,TRANSFER,779242.170,779242.490,ram,vram0
2632,param_7670_7671,WEIGHT,4.000,model.layers.25.post_attention_layernorm,TRANSFER,779242.170,779242.490,ram,vram0
2632,param_7670_7671,WEIGHT,4.000,model.layers.25.post_attention_layernorm,TRANSFER,779242.170,779242.490,ram,vram0
2637,param_7683_7684,WEIGHT,8.000,model.layers.25.post_attention_layernorm,TRANSFER,779271.846,779272.486,ram,vram0
2637,param_7683_7684,WEIGHT,8.000,model.layers.25.post_attention_layernorm,TRANSFER,779271.846,779272.486,ram,vram0
2639,param_7687_7688,WEIGHT,114688.000,model.layers.25.mlp.gate_proj,TRANSFER,779271.846,783859.686,ram,vram0
2639,param_7687_7688,WEIGHT,114688.000,model.layers.25.mlp.gate_proj,TRANSFER,779271.846,783859.686,ram,vram0
2645,param_7704_7705,WEIGHT,114688.000,model.layers.25.mlp.up_proj,TRANSFER,783995.776,788583.296,ram,vram0
2645,param_7704_7705,WEIGHT,114688.000,model.layers.25.mlp.up_proj,TRANSFER,783995.776,788583.296,ram,vram0
2651,param_7722_7723,WEIGHT,114688.000,model.layers.25.mlp.down_proj,TRANSFER,788718.508,793306.028,ram,vram0
2651,param_7722_7723,WEIGHT,114688.000,model.layers.25.mlp.down_proj,TRANSFER,788718.508,793306.028,ram,vram0
2660,param_7750_7751,WEIGHT,4.000,model.layers.26.input_layernorm,TRANSFER,793486.351,793486.511,ram,vram0
2660,param_7750_7751,WEIGHT,4.000,model.layers.26.input_layernorm,TRANSFER,793486.351,793486.511,ram,vram0
2665,param_7763_7764,WEIGHT,8.000,model.layers.26.input_layernorm,TRANSFER,793512.676,793513.316,ram,vram0
2665,param_7763_7764,WEIGHT,8.000,model.layers.26.input_layernorm,TRANSFER,793512.676,793513.316,ram,vram0
2667,param_7767_7768,WEIGHT,32768.000,model.layers.26.self_attn.q_proj,TRANSFER,793512.676,794823.716,ram,vram0
2667,param_7767_7768,WEIGHT,32768.000,model.layers.26.self_attn.q_proj,TRANSFER,793512.676,794823.716,ram,vram0
2674,param_7787_7788,WEIGHT,8192.000,model.layers.26.self_attn.k_proj,TRANSFER,794886.817,795214.497,ram,vram0
2674,param_7787_7788,WEIGHT,8192.000,model.layers.26.self_attn.k_proj,TRANSFER,794886.817,795214.497,ram,vram0
2681,param_7807_7808,WEIGHT,8192.000,model.layers.26.self_attn.v_proj,TRANSFER,795244.665,795572.345,ram,vram0
2681,param_7807_7808,WEIGHT,8192.000,model.layers.26.self_attn.v_proj,TRANSFER,795244.665,795572.345,ram,vram0
2725,param_7936_7937,WEIGHT,32768.000,model.layers.26.self_attn.o_proj,TRANSFER,795891.444,797202.164,ram,vram0
2725,param_7936_7937,WEIGHT,32768.000,model.layers.26.self_attn.o_proj,TRANSFER,795891.444,797202.164,ram,vram0
2733,param_7963_7964,WEIGHT,4.000,model.layers.26.post_attention_layernorm,TRANSFER,797301.061,797301.221,ram,vram0
2733,param_7963_7964,WEIGHT,4.000,model.layers.26.post_attention_layernorm,TRANSFER,797301.061,797301.221,ram,vram0
2738,param_7976_7977,WEIGHT,8.000,model.layers.26.post_attention_layernorm,TRANSFER,797346.010,797346.650,ram,vram0
2738,param_7976_7977,WEIGHT,8.000,model.layers.26.post_attention_layernorm,TRANSFER,797346.010,797346.650,ram,vram0
2740,param_7980_7981,WEIGHT,114688.000,model.layers.26.mlp.gate_proj,TRANSFER,797346.010,801933.850,ram,vram0
2740,param_7980_7981,WEIGHT,114688.000,model.layers.26.mlp.gate_proj,TRANSFER,797346.010,801933.850,ram,vram0
2746,param_7998_7999,WEIGHT,114688.000,model.layers.26.mlp.up_proj,TRANSFER,802069.907,806657.427,ram,vram0
2746,param_7998_7999,WEIGHT,114688.000,model.layers.26.mlp.up_proj,TRANSFER,802069.907,806657.427,ram,vram0
2752,param_8016_8017,WEIGHT,114688.000,model.layers.26.mlp.down_proj,TRANSFER,806791.919,811379.439,ram,vram0
2752,param_8016_8017,WEIGHT,114688.000,model.layers.26.mlp.down_proj,TRANSFER,806791.919,811379.439,ram,vram0
2761,param_8044_8045,WEIGHT,4.000,model.layers.27.input_layernorm,TRANSFER,811563.044,811563.364,ram,vram0
2761,param_8044_8045,WEIGHT,4.000,model.layers.27.input_layernorm,TRANSFER,811563.044,811563.364,ram,vram0
2761,param_8044_8045,WEIGHT,4.000,model.layers.27.input_layernorm,TRANSFER,811563.044,811563.364,ram,vram0
2761,param_8044_8045,WEIGHT,4.000,model.layers.27.input_layernorm,TRANSFER,811563.044,811563.364,ram,vram0
2766,param_8057_8058,WEIGHT,8.000,model.layers.27.input_layernorm,TRANSFER,811618.929,811619.569,ram,vram0
2766,param_8057_8058,WEIGHT,8.000,model.layers.27.input_layernorm,TRANSFER,811618.929,811619.569,ram,vram0
2768,param_8061_8062,WEIGHT,32768.000,model.layers.27.self_attn.q_proj,TRANSFER,811618.929,812929.969,ram,vram0
2768,param_8061_8062,WEIGHT,32768.000,model.layers.27.self_attn.q_proj,TRANSFER,811618.929,812929.969,ram,vram0
2775,param_8081_8082,WEIGHT,8192.000,model.layers.27.self_attn.k_proj,TRANSFER,812989.225,813316.905,ram,vram0
2775,param_8081_8082,WEIGHT,8192.000,model.layers.27.self_attn.k_proj,TRANSFER,812989.225,813316.905,ram,vram0
2782,param_8101_8102,WEIGHT,8192.000,model.layers.27.self_attn.v_proj,TRANSFER,813347.601,813675.281,ram,vram0
2782,param_8101_8102,WEIGHT,8192.000,model.layers.27.self_attn.v_proj,TRANSFER,813347.601,813675.281,ram,vram0
2826,param_8228_8229,WEIGHT,32768.000,model.layers.27.self_attn.o_proj,TRANSFER,813990.756,815301.476,ram,vram0
2826,param_8228_8229,WEIGHT,32768.000,model.layers.27.self_attn.o_proj,TRANSFER,813990.756,815301.476,ram,vram0
2834,param_8255_8256,WEIGHT,4.000,model.layers.27.post_attention_layernorm,TRANSFER,815396.066,815396.386,ram,vram0
2834,param_8255_8256,WEIGHT,4.000,model.layers.27.post_attention_layernorm,TRANSFER,815396.066,815396.386,ram,vram0
2834,param_8255_8256,WEIGHT,4.000,model.layers.27.post_attention_layernorm,TRANSFER,815396.066,815396.386,ram,vram0
2834,param_8255_8256,WEIGHT,4.000,model.layers.27.post_attention_layernorm,TRANSFER,815396.066,815396.386,ram,vram0
2839,param_8268_8269,WEIGHT,8.000,model.layers.27.post_attention_layernorm,TRANSFER,815449.635,815450.275,ram,vram0
2839,param_8268_8269,WEIGHT,8.000,model.layers.27.post_attention_layernorm,TRANSFER,815449.635,815450.275,ram,vram0
2841,param_8272_8273,WEIGHT,114688.000,model.layers.27.mlp.gate_proj,TRANSFER,815449.635,820037.475,ram,vram0
2841,param_8272_8273,WEIGHT,114688.000,model.layers.27.mlp.gate_proj,TRANSFER,815449.635,820037.475,ram,vram0
2847,param_8289_8290,WEIGHT,114688.000,model.layers.27.mlp.up_proj,TRANSFER,820175.855,824763.375,ram,vram0
2847,param_8289_8290,WEIGHT,114688.000,model.layers.27.mlp.up_proj,TRANSFER,820175.855,824763.375,ram,vram0
2853,param_8306_8307,WEIGHT,114688.000,model.layers.27.mlp.down_proj,TRANSFER,824897.970,829485.490,ram,vram0
2853,param_8306_8307,WEIGHT,114688.000,model.layers.27.mlp.down_proj,TRANSFER,824897.970,829485.490,ram,vram0
2862,param_8334_8335,WEIGHT,4.000,model.layers.28.input_layernorm,TRANSFER,829682.194,829682.514,ram,vram0
2862,param_8334_8335,WEIGHT,4.000,model.layers.28.input_layernorm,TRANSFER,829682.194,829682.514,ram,vram0
2862,param_8334_8335,WEIGHT,4.000,model.layers.28.input_layernorm,TRANSFER,829682.194,829682.514,ram,vram0
2862,param_8334_8335,WEIGHT,4.000,model.layers.28.input_layernorm,TRANSFER,829682.194,829682.514,ram,vram0
2867,param_8347_8348,WEIGHT,8.000,model.layers.28.input_layernorm,TRANSFER,829705.276,829705.916,ram,vram0
2867,param_8347_8348,WEIGHT,8.000,model.layers.28.input_layernorm,TRANSFER,829705.276,829705.916,ram,vram0
2869,param_8351_8352,WEIGHT,32768.000,model.layers.28.self_attn.q_proj,TRANSFER,829705.276,831016.316,ram,vram0
2869,param_8351_8352,WEIGHT,32768.000,model.layers.28.self_attn.q_proj,TRANSFER,829705.276,831016.316,ram,vram0
2876,param_8371_8372,WEIGHT,8192.000,model.layers.28.self_attn.k_proj,TRANSFER,831079.082,831406.762,ram,vram0
2876,param_8371_8372,WEIGHT,8192.000,model.layers.28.self_attn.k_proj,TRANSFER,831079.082,831406.762,ram,vram0
2883,param_8391_8392,WEIGHT,8192.000,model.layers.28.self_attn.v_proj,TRANSFER,831453.106,831780.786,ram,vram0
2883,param_8391_8392,WEIGHT,8192.000,model.layers.28.self_attn.v_proj,TRANSFER,831453.106,831780.786,ram,vram0
2927,param_8519_8520,WEIGHT,32768.000,model.layers.28.self_attn.o_proj,TRANSFER,832192.423,833503.143,ram,vram0
2927,param_8519_8520,WEIGHT,32768.000,model.layers.28.self_attn.o_proj,TRANSFER,832192.423,833503.143,ram,vram0
2942,param_8563_8564,WEIGHT,114688.000,model.layers.28.mlp.gate_proj,TRANSFER,833594.240,838182.240,ram,vram0
2942,param_8563_8564,WEIGHT,114688.000,model.layers.28.mlp.gate_proj,TRANSFER,833594.240,838182.240,ram,vram0
2935,param_8546_8547,WEIGHT,4.000,model.layers.28.post_attention_layernorm,TRANSFER,833615.952,833616.272,ram,vram0
2935,param_8546_8547,WEIGHT,4.000,model.layers.28.post_attention_layernorm,TRANSFER,833615.952,833616.272,ram,vram0
2940,param_8559_8560,WEIGHT,8.000,model.layers.28.post_attention_layernorm,TRANSFER,833621.168,833621.808,ram,vram0
2940,param_8559_8560,WEIGHT,8.000,model.layers.28.post_attention_layernorm,TRANSFER,833621.168,833621.808,ram,vram0
2948,param_8580_8581,WEIGHT,114688.000,model.layers.28.mlp.up_proj,TRANSFER,838187.459,842774.979,ram,vram0
2948,param_8580_8581,WEIGHT,114688.000,model.layers.28.mlp.up_proj,TRANSFER,838187.459,842774.979,ram,vram0
2954,param_8598_8599,WEIGHT,114688.000,model.layers.28.mlp.down_proj,TRANSFER,842774.979,847362.499,ram,vram0
2954,param_8598_8599,WEIGHT,114688.000,model.layers.28.mlp.down_proj,TRANSFER,842774.979,847362.499,ram,vram0
2970,param_8643_8644,WEIGHT,32768.000,model.layers.29.self_attn.q_proj,TRANSFER,847577.559,849544.119,ram,vram0
2970,param_8643_8644,WEIGHT,32768.000,model.layers.29.self_attn.q_proj,TRANSFER,847577.559,849544.119,ram,vram0
2977,param_8663_8664,WEIGHT,8192.000,model.layers.29.self_attn.k_proj,TRANSFER,847632.562,848589.278,ram,vram0
2977,param_8663_8664,WEIGHT,8192.000,model.layers.29.self_attn.k_proj,TRANSFER,847632.562,848589.278,ram,vram0
2984,param_8683_8684,WEIGHT,8192.000,model.layers.29.self_attn.v_proj,TRANSFER,847686.171,848642.887,ram,vram0
2984,param_8683_8684,WEIGHT,8192.000,model.layers.29.self_attn.v_proj,TRANSFER,847686.171,848642.887,ram,vram0
2963,param_8626_8627,WEIGHT,4.000,model.layers.29.input_layernorm,TRANSFER,847801.235,847801.875,ram,vram0
2963,param_8626_8627,WEIGHT,4.000,model.layers.29.input_layernorm,TRANSFER,847801.235,847801.875,ram,vram0
2968,param_8639_8640,WEIGHT,8.000,model.layers.29.input_layernorm,TRANSFER,847806.707,847807.987,ram,vram0
2968,param_8639_8640,WEIGHT,8.000,model.layers.29.input_layernorm,TRANSFER,847806.707,847807.987,ram,vram0
3028,param_8812_8813,WEIGHT,32768.000,model.layers.29.self_attn.o_proj,TRANSFER,849902.856,851213.576,ram,vram0
3028,param_8812_8813,WEIGHT,32768.000,model.layers.29.self_attn.o_proj,TRANSFER,849902.856,851213.576,ram,vram0
3036,param_8839_8840,WEIGHT,4.000,model.layers.29.post_attention_layernorm,TRANSFER,851318.505,851318.825,ram,vram0
3036,param_8839_8840,WEIGHT,4.000,model.layers.29.post_attention_layernorm,TRANSFER,851318.505,851318.825,ram,vram0
3036,param_8839_8840,WEIGHT,4.000,model.layers.29.post_attention_layernorm,TRANSFER,851318.505,851318.825,ram,vram0
3036,param_8839_8840,WEIGHT,4.000,model.layers.29.post_attention_layernorm,TRANSFER,851318.505,851318.825,ram,vram0
3041,param_8852_8853,WEIGHT,8.000,model.layers.29.post_attention_layernorm,TRANSFER,851344.183,851344.823,ram,vram0
3041,param_8852_8853,WEIGHT,8.000,model.layers.29.post_attention_layernorm,TRANSFER,851344.183,851344.823,ram,vram0
3043,param_8856_8857,WEIGHT,114688.000,model.layers.29.mlp.gate_proj,TRANSFER,851344.183,855932.023,ram,vram0
3043,param_8856_8857,WEIGHT,114688.000,model.layers.29.mlp.gate_proj,TRANSFER,851344.183,855932.023,ram,vram0
3049,param_8874_8875,WEIGHT,114688.000,model.layers.29.mlp.up_proj,TRANSFER,856105.402,860692.922,ram,vram0
3049,param_8874_8875,WEIGHT,114688.000,model.layers.29.mlp.up_proj,TRANSFER,856105.402,860692.922,ram,vram0
3055,param_8892_8893,WEIGHT,114688.000,model.layers.29.mlp.down_proj,TRANSFER,860828.886,865416.406,ram,vram0
3055,param_8892_8893,WEIGHT,114688.000,model.layers.29.mlp.down_proj,TRANSFER,860828.886,865416.406,ram,vram0
3064,param_8920_8921,WEIGHT,4.000,model.layers.30.input_layernorm,TRANSFER,865613.132,865613.452,ram,vram0
3064,param_8920_8921,WEIGHT,4.000,model.layers.30.input_layernorm,TRANSFER,865613.132,865613.452,ram,vram0
3064,param_8920_8921,WEIGHT,4.000,model.layers.30.input_layernorm,TRANSFER,865613.132,865613.452,ram,vram0
3064,param_8920_8921,WEIGHT,4.000,model.layers.30.input_layernorm,TRANSFER,865613.132,865613.452,ram,vram0
3069,param_8933_8934,WEIGHT,8.000,model.layers.30.input_layernorm,TRANSFER,865640.964,865641.604,ram,vram0
3069,param_8933_8934,WEIGHT,8.000,model.layers.30.input_layernorm,TRANSFER,865640.964,865641.604,ram,vram0
3071,param_8937_8938,WEIGHT,32768.000,model.layers.30.self_attn.q_proj,TRANSFER,865640.964,866952.004,ram,vram0
3071,param_8937_8938,WEIGHT,32768.000,model.layers.30.self_attn.q_proj,TRANSFER,865640.964,866952.004,ram,vram0
3078,param_8957_8958,WEIGHT,8192.000,model.layers.30.self_attn.k_proj,TRANSFER,867011.536,867339.216,ram,vram0
3078,param_8957_8958,WEIGHT,8192.000,model.layers.30.self_attn.k_proj,TRANSFER,867011.536,867339.216,ram,vram0
3085,param_8977_8978,WEIGHT,8192.000,model.layers.30.self_attn.v_proj,TRANSFER,867373.625,867701.305,ram,vram0
3085,param_8977_8978,WEIGHT,8192.000,model.layers.30.self_attn.v_proj,TRANSFER,867373.625,867701.305,ram,vram0
3129,param_9104_9105,WEIGHT,32768.000,model.layers.30.self_attn.o_proj,TRANSFER,868073.866,869384.586,ram,vram0
3129,param_9104_9105,WEIGHT,32768.000,model.layers.30.self_attn.o_proj,TRANSFER,868073.866,869384.586,ram,vram0
3137,param_9131_9132,WEIGHT,4.000,model.layers.30.post_attention_layernorm,TRANSFER,869489.024,869489.344,ram,vram0
3137,param_9131_9132,WEIGHT,4.000,model.layers.30.post_attention_layernorm,TRANSFER,869489.024,869489.344,ram,vram0
3137,param_9131_9132,WEIGHT,4.000,model.layers.30.post_attention_layernorm,TRANSFER,869489.024,869489.344,ram,vram0
3137,param_9131_9132,WEIGHT,4.000,model.layers.30.post_attention_layernorm,TRANSFER,869489.024,869489.344,ram,vram0
3142,param_9144_9145,WEIGHT,8.000,model.layers.30.post_attention_layernorm,TRANSFER,869517.347,869517.987,ram,vram0
3142,param_9144_9145,WEIGHT,8.000,model.layers.30.post_attention_layernorm,TRANSFER,869517.347,869517.987,ram,vram0
3144,param_9148_9149,WEIGHT,114688.000,model.layers.30.mlp.gate_proj,TRANSFER,869517.347,874105.187,ram,vram0
3144,param_9148_9149,WEIGHT,114688.000,model.layers.30.mlp.gate_proj,TRANSFER,869517.347,874105.187,ram,vram0
3150,param_9165_9166,WEIGHT,114688.000,model.layers.30.mlp.up_proj,TRANSFER,874268.245,878855.765,ram,vram0
3150,param_9165_9166,WEIGHT,114688.000,model.layers.30.mlp.up_proj,TRANSFER,874268.245,878855.765,ram,vram0
3156,param_9182_9183,WEIGHT,114688.000,model.layers.30.mlp.down_proj,TRANSFER,878855.765,884757.205,ram,vram0
3156,param_9182_9183,WEIGHT,114688.000,model.layers.30.mlp.down_proj,TRANSFER,878855.765,884757.205,ram,vram0
3172,param_9227_9228,WEIGHT,32768.000,model.layers.31.self_attn.q_proj,TRANSFER,878958.995,881580.435,ram,vram0
3172,param_9227_9228,WEIGHT,32768.000,model.layers.31.self_attn.q_proj,TRANSFER,878958.995,881580.435,ram,vram0
3165,param_9210_9211,WEIGHT,4.000,model.layers.31.input_layernorm,TRANSFER,884898.644,884898.804,ram,vram0
3165,param_9210_9211,WEIGHT,4.000,model.layers.31.input_layernorm,TRANSFER,884898.644,884898.804,ram,vram0
3170,param_9223_9224,WEIGHT,8.000,model.layers.31.input_layernorm,TRANSFER,884903.796,884904.116,ram,vram0
3170,param_9223_9224,WEIGHT,8.000,model.layers.31.input_layernorm,TRANSFER,884903.796,884904.116,ram,vram0
3179,param_9247_9248,WEIGHT,8192.000,model.layers.31.self_attn.k_proj,TRANSFER,884946.802,885274.482,ram,vram0
3179,param_9247_9248,WEIGHT,8192.000,model.layers.31.self_attn.k_proj,TRANSFER,884946.802,885274.482,ram,vram0
3186,param_9267_9268,WEIGHT,8192.000,model.layers.31.self_attn.v_proj,TRANSFER,885301.926,885629.606,ram,vram0
3186,param_9267_9268,WEIGHT,8192.000,model.layers.31.self_attn.v_proj,TRANSFER,885301.926,885629.606,ram,vram0
3230,param_9395_9396,WEIGHT,32768.000,model.layers.31.self_attn.o_proj,TRANSFER,885952.005,887262.725,ram,vram0
3230,param_9395_9396,WEIGHT,32768.000,model.layers.31.self_attn.o_proj,TRANSFER,885952.005,887262.725,ram,vram0
3238,param_9422_9423,WEIGHT,4.000,model.layers.31.post_attention_layernorm,TRANSFER,887370.142,887370.302,ram,vram0
3238,param_9422_9423,WEIGHT,4.000,model.layers.31.post_attention_layernorm,TRANSFER,887370.142,887370.302,ram,vram0
3243,param_9435_9436,WEIGHT,8.000,model.layers.31.post_attention_layernorm,TRANSFER,887393.592,887394.232,ram,vram0
3243,param_9435_9436,WEIGHT,8.000,model.layers.31.post_attention_layernorm,TRANSFER,887393.592,887394.232,ram,vram0
3245,param_9439_9440,WEIGHT,114688.000,model.layers.31.mlp.gate_proj,TRANSFER,887393.592,891981.432,ram,vram0
3245,param_9439_9440,WEIGHT,114688.000,model.layers.31.mlp.gate_proj,TRANSFER,887393.592,891981.432,ram,vram0
3251,param_9456_9457,WEIGHT,114688.000,model.layers.31.mlp.up_proj,TRANSFER,892139.598,896727.118,ram,vram0
3251,param_9456_9457,WEIGHT,114688.000,model.layers.31.mlp.up_proj,TRANSFER,892139.598,896727.118,ram,vram0
3257,param_9474_9475,WEIGHT,114688.000,model.layers.31.mlp.down_proj,TRANSFER,896727.118,901314.638,ram,vram0
3257,param_9474_9475,WEIGHT,114688.000,model.layers.31.mlp.down_proj,TRANSFER,896727.118,901314.638,ram,vram0
3266,param_9502_9503,WEIGHT,4.000,model.norm,TRANSFER,901492.059,901492.219,ram,vram0
3266,param_9502_9503,WEIGHT,4.000,model.norm,TRANSFER,901492.059,901492.219,ram,vram0
3271,param_9515_9516,WEIGHT,8.000,model.norm,TRANSFER,901526.732,901527.052,ram,vram0
3271,param_9515_9516,WEIGHT,8.000,model.norm,TRANSFER,901526.732,901527.052,ram,vram0
3274,param_9521_9522,WEIGHT,1026048.000,lm_head,TRANSFER,901540.703,942582.623,ram,vram0
3274,param_9521_9522,WEIGHT,1026048.000,lm_head,TRANSFER,901540.703,942582.623,ram,vram0
3,param_25_26,WEIGHT,1026048.000,model.embed_tokens,RELEASE,253402.744,253402.744,,
9,param_48_49,WEIGHT,4.000,model.rotary_emb,RELEASE,265664.295,265664.295,,
25,param_101_102,WEIGHT,4.000,model.rotary_emb,RELEASE,270011.660,270011.660,,
27,param_106_107,WEIGHT,4.000,model.rotary_emb,RELEASE,270012.812,270012.812,,
34,param_135_136,WEIGHT,4.000,model.layers.0.input_layernorm,RELEASE,288738.305,288738.305,,
39,param_149_150,WEIGHT,8.000,model.layers.0.input_layernorm,RELEASE,288745.025,288745.025,,
41,param_154_155,WEIGHT,32768.000,model.layers.0.self_attn.q_proj,RELEASE,327015.807,327015.807,,
48,param_174_175,WEIGHT,8192.000,model.layers.0.self_attn.k_proj,RELEASE,330218.109,330218.109,,
55,param_194_195,WEIGHT,8192.000,model.layers.0.self_attn.v_proj,RELEASE,330603.001,330603.001,,
99,param_334_335,WEIGHT,32768.000,model.layers.0.self_attn.o_proj,RELEASE,343897.885,343897.885,,
107,param_361_362,WEIGHT,4.000,model.layers.0.post_attention_layernorm,RELEASE,343906.749,343906.749,,
112,param_374_375,WEIGHT,8.000,model.layers.0.post_attention_layernorm,RELEASE,343912.861,343912.861,,
114,param_378_379,WEIGHT,114688.000,model.layers.0.mlp.gate_proj,RELEASE,344071.518,344071.518,,
120,param_395_396,WEIGHT,114688.000,model.layers.0.mlp.up_proj,RELEASE,344198.943,344198.943,,
126,param_413_414,WEIGHT,114688.000,model.layers.0.mlp.down_proj,RELEASE,344382.384,344382.384,,
135,param_441_442,WEIGHT,4.000,model.layers.1.input_layernorm,RELEASE,344434.277,344434.277,,
140,param_454_455,WEIGHT,8.000,model.layers.1.input_layernorm,RELEASE,344467.896,344467.896,,
142,param_458_459,WEIGHT,32768.000,model.layers.1.self_attn.q_proj,RELEASE,345815.032,345815.032,,
149,param_478_479,WEIGHT,8192.000,model.layers.1.self_attn.k_proj,RELEASE,346170.417,346170.417,,
156,param_498_499,WEIGHT,8192.000,model.layers.1.self_attn.v_proj,RELEASE,346530.564,346530.564,,
200,param_630_631,WEIGHT,32768.000,model.layers.1.self_attn.o_proj,RELEASE,348183.776,348183.776,,
208,param_657_658,WEIGHT,4.000,model.layers.1.post_attention_layernorm,RELEASE,348232.296,348232.296,,
213,param_670_671,WEIGHT,8.000,model.layers.1.post_attention_layernorm,RELEASE,348253.777,348253.777,,
215,param_674_675,WEIGHT,114688.000,model.layers.1.mlp.gate_proj,RELEASE,352965.234,352965.234,,
221,param_691_692,WEIGHT,114688.000,model.layers.1.mlp.up_proj,RELEASE,357690.925,357690.925,,
227,param_709_710,WEIGHT,114688.000,model.layers.1.mlp.down_proj,RELEASE,362412.805,362412.805,,
236,param_737_738,WEIGHT,4.000,model.layers.2.input_layernorm,RELEASE,362473.053,362473.053,,
236,param_737_738,WEIGHT,4.000,model.layers.2.input_layernorm,RELEASE,362473.053,362473.053,,
241,param_750_751,WEIGHT,8.000,model.layers.2.input_layernorm,RELEASE,362494.735,362494.735,,
243,param_754_755,WEIGHT,32768.000,model.layers.2.self_attn.q_proj,RELEASE,363841.519,363841.519,,
250,param_774_775,WEIGHT,8192.000,model.layers.2.self_attn.k_proj,RELEASE,364199.589,364199.589,,
257,param_794_795,WEIGHT,8192.000,model.layers.2.self_attn.v_proj,RELEASE,364554.367,364554.367,,
301,param_925_926,WEIGHT,32768.000,model.layers.2.self_attn.o_proj,RELEASE,366191.209,366191.209,,
309,param_952_953,WEIGHT,4.000,model.layers.2.post_attention_layernorm,RELEASE,366259.751,366259.751,,
309,param_952_953,WEIGHT,4.000,model.layers.2.post_attention_layernorm,RELEASE,366259.751,366259.751,,
314,param_965_966,WEIGHT,8.000,model.layers.2.post_attention_layernorm,RELEASE,366287.480,366287.480,,
316,param_969_970,WEIGHT,114688.000,model.layers.2.mlp.gate_proj,RELEASE,370999.192,370999.192,,
322,param_987_988,WEIGHT,114688.000,model.layers.2.mlp.up_proj,RELEASE,375723.122,375723.122,,
328,param_1005_1006,WEIGHT,114688.000,model.layers.2.mlp.down_proj,RELEASE,380458.387,380458.387,,
337,param_1033_1034,WEIGHT,4.000,model.layers.3.input_layernorm,RELEASE,380509.729,380509.729,,
342,param_1046_1047,WEIGHT,8.000,model.layers.3.input_layernorm,RELEASE,380545.546,380545.546,,
344,param_1050_1051,WEIGHT,32768.000,model.layers.3.self_attn.q_proj,RELEASE,381891.658,381891.658,,
351,param_1070_1071,WEIGHT,8192.000,model.layers.3.self_attn.k_proj,RELEASE,382247.427,382247.427,,
358,param_1090_1091,WEIGHT,8192.000,model.layers.3.self_attn.v_proj,RELEASE,382600.695,382600.695,,
402,param_1218_1219,WEIGHT,32768.000,model.layers.3.self_attn.o_proj,RELEASE,384245.045,384245.045,,
410,param_1245_1246,WEIGHT,4.000,model.layers.3.post_attention_layernorm,RELEASE,384295.097,384295.097,,
415,param_1258_1259,WEIGHT,8.000,model.layers.3.post_attention_layernorm,RELEASE,384320.974,384320.974,,
417,param_1262_1263,WEIGHT,114688.000,model.layers.3.mlp.gate_proj,RELEASE,389031.631,389031.631,,
423,param_1279_1280,WEIGHT,114688.000,model.layers.3.mlp.up_proj,RELEASE,393753.599,393753.599,,
429,param_1296_1297,WEIGHT,114688.000,model.layers.3.mlp.down_proj,RELEASE,398502.937,398502.937,,
438,param_1324_1325,WEIGHT,4.000,model.layers.4.input_layernorm,RELEASE,398555.498,398555.498,,
443,param_1337_1338,WEIGHT,8.000,model.layers.4.input_layernorm,RELEASE,398589.176,398589.176,,
445,param_1341_1342,WEIGHT,32768.000,model.layers.4.self_attn.q_proj,RELEASE,399968.664,399968.664,,
452,param_1361_1362,WEIGHT,8192.000,model.layers.4.self_attn.k_proj,RELEASE,400534.986,400534.986,,
459,param_1381_1382,WEIGHT,8192.000,model.layers.4.self_attn.v_proj,RELEASE,400580.996,400580.996,,
503,param_1510_1511,WEIGHT,32768.000,model.layers.4.self_attn.o_proj,RELEASE,402257.621,402257.621,,
511,param_1537_1538,WEIGHT,4.000,model.layers.4.post_attention_layernorm,RELEASE,402341.879,402341.879,,
516,param_1550_1551,WEIGHT,8.000,model.layers.4.post_attention_layernorm,RELEASE,402348.823,402348.823,,
518,param_1554_1555,WEIGHT,114688.000,model.layers.4.mlp.gate_proj,RELEASE,411592.190,411592.190,,
524,param_1571_1572,WEIGHT,114688.000,model.layers.4.mlp.up_proj,RELEASE,411718.783,411718.783,,
530,param_1589_1590,WEIGHT,114688.000,model.layers.4.mlp.down_proj,RELEASE,417492.774,417492.774,,
539,param_1617_1618,WEIGHT,4.000,model.layers.5.input_layernorm,RELEASE,417535.006,417535.006,,
544,param_1630_1631,WEIGHT,8.000,model.layers.5.input_layernorm,RELEASE,417541.597,417541.597,,
546,param_1634_1635,WEIGHT,32768.000,model.layers.5.self_attn.q_proj,RELEASE,417579.709,417579.709,,
553,param_1654_1655,WEIGHT,8192.000,model.layers.5.self_attn.k_proj,RELEASE,418132.282,418132.282,,
560,param_1674_1675,WEIGHT,8192.000,model.layers.5.self_attn.v_proj,RELEASE,418174.856,418174.856,,
604,param_1803_1804,WEIGHT,32768.000,model.layers.5.self_attn.o_proj,RELEASE,419805.108,419805.108,,
612,param_1830_1831,WEIGHT,4.000,model.layers.5.post_attention_layernorm,RELEASE,419861.806,419861.806,,
612,param_1830_1831,WEIGHT,4.000,model.layers.5.post_attention_layernorm,RELEASE,419861.806,419861.806,,
617,param_1843_1844,WEIGHT,8.000,model.layers.5.post_attention_layernorm,RELEASE,419883.604,419883.604,,
619,param_1847_1848,WEIGHT,114688.000,model.layers.5.mlp.gate_proj,RELEASE,424600.149,424600.149,,
625,param_1865_1866,WEIGHT,114688.000,model.layers.5.mlp.up_proj,RELEASE,429323.424,429323.424,,
631,param_1883_1884,WEIGHT,114688.000,model.layers.5.mlp.down_proj,RELEASE,434045.853,434045.853,,
640,param_1911_1912,WEIGHT,4.000,model.layers.6.input_layernorm,RELEASE,434109.868,434109.868,,
645,param_1924_1925,WEIGHT,8.000,model.layers.6.input_layernorm,RELEASE,434130.939,434130.939,,
647,param_1928_1929,WEIGHT,32768.000,model.layers.6.self_attn.q_proj,RELEASE,435477.980,435477.980,,
654,param_1948_1949,WEIGHT,8192.000,model.layers.6.self_attn.k_proj,RELEASE,435846.296,435846.296,,
661,param_1968_1969,WEIGHT,8192.000,model.layers.6.self_attn.v_proj,RELEASE,436203.839,436203.839,,
705,param_2095_2096,WEIGHT,32768.000,model.layers.6.self_attn.o_proj,RELEASE,437860.005,437860.005,,
713,param_2122_2123,WEIGHT,4.000,model.layers.6.post_attention_layernorm,RELEASE,437917.815,437917.815,,
718,param_2135_2136,WEIGHT,8.000,model.layers.6.post_attention_layernorm,RELEASE,437943.172,437943.172,,
720,param_2139_2140,WEIGHT,114688.000,model.layers.6.mlp.gate_proj,RELEASE,442654.854,442654.854,,
726,param_2156_2157,WEIGHT,114688.000,model.layers.6.mlp.up_proj,RELEASE,447377.365,447377.365,,
732,param_2173_2174,WEIGHT,114688.000,model.layers.6.mlp.down_proj,RELEASE,452100.353,452100.353,,
741,param_2201_2202,WEIGHT,4.000,model.layers.7.input_layernorm,RELEASE,452153.033,452153.033,,
746,param_2214_2215,WEIGHT,8.000,model.layers.7.input_layernorm,RELEASE,452188.328,452188.328,,
748,param_2218_2219,WEIGHT,32768.000,model.layers.7.self_attn.q_proj,RELEASE,453535.784,453535.784,,
755,param_2238_2239,WEIGHT,8192.000,model.layers.7.self_attn.k_proj,RELEASE,453895.514,453895.514,,
762,param_2258_2259,WEIGHT,8192.000,model.layers.7.self_attn.v_proj,RELEASE,454248.734,454248.734,,
806,param_2387_2388,WEIGHT,32768.000,model.layers.7.self_attn.o_proj,RELEASE,455900.944,455900.944,,
814,param_2414_2415,WEIGHT,4.000,model.layers.7.post_attention_layernorm,RELEASE,455957.367,455957.367,,
819,param_2427_2428,WEIGHT,8.000,model.layers.7.post_attention_layernorm,RELEASE,462783.358,462783.358,,
821,param_2431_2432,WEIGHT,114688.000,model.layers.7.mlp.gate_proj,RELEASE,471433.963,471433.963,,
827,param_2448_2449,WEIGHT,114688.000,model.layers.7.mlp.up_proj,RELEASE,471561.932,471561.932,,
833,param_2466_2467,WEIGHT,114688.000,model.layers.7.mlp.down_proj,RELEASE,471690.029,471690.029,,
842,param_2494_2495,WEIGHT,4.000,model.layers.8.input_layernorm,RELEASE,471712.267,471712.267,,
847,param_2507_2508,WEIGHT,8.000,model.layers.8.input_layernorm,RELEASE,471719.019,471719.019,,
849,param_2511_2512,WEIGHT,32768.000,model.layers.8.self_attn.q_proj,RELEASE,471757.451,471757.451,,
856,param_2531_2532,WEIGHT,8192.000,model.layers.8.self_attn.k_proj,RELEASE,471769.547,471769.547,,
863,param_2551_2552,WEIGHT,8192.000,model.layers.8.self_attn.v_proj,RELEASE,471781.547,471781.547,,
907,param_2680_2681,WEIGHT,32768.000,model.layers.8.self_attn.o_proj,RELEASE,473352.658,473352.658,,
915,param_2707_2708,WEIGHT,4.000,model.layers.8.post_attention_layernorm,RELEASE,473430.334,473430.334,,
915,param_2707_2708,WEIGHT,4.000,model.layers.8.post_attention_layernorm,RELEASE,473430.334,473430.334,,
920,param_2720_2721,WEIGHT,8.000,model.layers.8.post_attention_layernorm,RELEASE,473457.574,473457.574,,
922,param_2724_2725,WEIGHT,114688.000,model.layers.8.mlp.gate_proj,RELEASE,478188.903,478188.903,,
928,param_2742_2743,WEIGHT,114688.000,model.layers.8.mlp.up_proj,RELEASE,482911.391,482911.391,,
934,param_2760_2761,WEIGHT,114688.000,model.layers.8.mlp.down_proj,RELEASE,487499.678,487499.678,,
943,param_2788_2789,WEIGHT,4.000,model.layers.9.input_layernorm,RELEASE,487559.145,487559.145,,
948,param_2801_2802,WEIGHT,8.000,model.layers.9.input_layernorm,RELEASE,487584.535,487584.535,,
950,param_2805_2806,WEIGHT,32768.000,model.layers.9.self_attn.q_proj,RELEASE,488931.095,488931.095,,
957,param_2825_2826,WEIGHT,8192.000,model.layers.9.self_attn.k_proj,RELEASE,489298.522,489298.522,,
964,param_2845_2846,WEIGHT,8192.000,model.layers.9.self_attn.v_proj,RELEASE,489662.727,489662.727,,
1008,param_2972_2973,WEIGHT,32768.000,model.layers.9.self_attn.o_proj,RELEASE,491375.706,491375.706,,
1016,param_2999_3000,WEIGHT,4.000,model.layers.9.post_attention_layernorm,RELEASE,491446.996,491446.996,,
1021,param_3012_3013,WEIGHT,8.000,model.layers.9.post_attention_layernorm,RELEASE,491469.347,491469.347,,
1023,param_3016_3017,WEIGHT,114688.000,model.layers.9.mlp.gate_proj,RELEASE,496180.196,496180.196,,
1029,param_3033_3034,WEIGHT,114688.000,model.layers.9.mlp.up_proj,RELEASE,500905.127,500905.127,,
1035,param_3050_3051,WEIGHT,114688.000,model.layers.9.mlp.down_proj,RELEASE,505626.986,505626.986,,
1044,param_3078_3079,WEIGHT,4.000,model.layers.10.input_layernorm,RELEASE,505679.122,505679.122,,
1044,param_3078_3079,WEIGHT,4.000,model.layers.10.input_layernorm,RELEASE,505679.122,505679.122,,
1049,param_3091_3092,WEIGHT,8.000,model.layers.10.input_layernorm,RELEASE,505702.884,505702.884,,
1051,param_3095_3096,WEIGHT,32768.000,model.layers.10.self_attn.q_proj,RELEASE,507049.124,507049.124,,
1058,param_3115_3116,WEIGHT,8192.000,model.layers.10.self_attn.k_proj,RELEASE,507411.180,507411.180,,
1065,param_3135_3136,WEIGHT,8192.000,model.layers.10.self_attn.v_proj,RELEASE,507766.580,507766.580,,
1109,param_3263_3264,WEIGHT,32768.000,model.layers.10.self_attn.o_proj,RELEASE,509407.563,509407.563,,
1117,param_3290_3291,WEIGHT,4.000,model.layers.10.post_attention_layernorm,RELEASE,509456.348,509456.348,,
1117,param_3290_3291,WEIGHT,4.000,model.layers.10.post_attention_layernorm,RELEASE,509456.348,509456.348,,
1122,param_3303_3304,WEIGHT,8.000,model.layers.10.post_attention_layernorm,RELEASE,509480.588,509480.588,,
1124,param_3307_3308,WEIGHT,114688.000,model.layers.10.mlp.gate_proj,RELEASE,514190.445,514190.445,,
1130,param_3324_3325,WEIGHT,114688.000,model.layers.10.mlp.up_proj,RELEASE,518912.965,518912.965,,
1136,param_3342_3343,WEIGHT,114688.000,model.layers.10.mlp.down_proj,RELEASE,523643.265,523643.265,,
1145,param_3370_3371,WEIGHT,4.000,model.layers.11.input_layernorm,RELEASE,523697.941,523697.941,,
1150,param_3383_3384,WEIGHT,8.000,model.layers.11.input_layernorm,RELEASE,523723.445,523723.445,,
1152,param_3387_3388,WEIGHT,32768.000,model.layers.11.self_attn.q_proj,RELEASE,525069.269,525069.269,,
1159,param_3407_3408,WEIGHT,8192.000,model.layers.11.self_attn.k_proj,RELEASE,525433.409,525433.409,,
1166,param_3427_3428,WEIGHT,8192.000,model.layers.11.self_attn.v_proj,RELEASE,525788.185,525788.185,,
1210,param_3556_3557,WEIGHT,32768.000,model.layers.11.self_attn.o_proj,RELEASE,527450.717,527450.717,,
1218,param_3583_3584,WEIGHT,4.000,model.layers.11.post_attention_layernorm,RELEASE,527514.033,527514.033,,
1218,param_3583_3584,WEIGHT,4.000,model.layers.11.post_attention_layernorm,RELEASE,527514.033,527514.033,,
1223,param_3596_3597,WEIGHT,8.000,model.layers.11.post_attention_layernorm,RELEASE,527540.089,527540.089,,
1225,param_3600_3601,WEIGHT,114688.000,model.layers.11.mlp.gate_proj,RELEASE,532250.650,532250.650,,
1231,param_3618_3619,WEIGHT,114688.000,model.layers.11.mlp.up_proj,RELEASE,536972.577,536972.577,,
1237,param_3636_3637,WEIGHT,114688.000,model.layers.11.mlp.down_proj,RELEASE,541695.807,541695.807,,
1246,param_3664_3665,WEIGHT,4.000,model.layers.12.input_layernorm,RELEASE,541745.961,541745.961,,
1251,param_3677_3678,WEIGHT,8.000,model.layers.12.input_layernorm,RELEASE,541780.995,541780.995,,
1253,param_3681_3682,WEIGHT,32768.000,model.layers.12.self_attn.q_proj,RELEASE,543126.755,543126.755,,
1260,param_3701_3702,WEIGHT,8192.000,model.layers.12.self_attn.k_proj,RELEASE,543486.353,543486.353,,
1267,param_3721_3722,WEIGHT,8192.000,model.layers.12.self_attn.v_proj,RELEASE,543842.657,543842.657,,
1311,param_3848_3849,WEIGHT,32768.000,model.layers.12.self_attn.o_proj,RELEASE,545504.576,545504.576,,
1319,param_3875_3876,WEIGHT,4.000,model.layers.12.post_attention_layernorm,RELEASE,545556.274,545556.274,,
1324,param_3888_3889,WEIGHT,8.000,model.layers.12.post_attention_layernorm,RELEASE,545592.637,545592.637,,
1326,param_3892_3893,WEIGHT,114688.000,model.layers.12.mlp.gate_proj,RELEASE,550302.622,550302.622,,
1332,param_3909_3910,WEIGHT,114688.000,model.layers.12.mlp.up_proj,RELEASE,555031.445,555031.445,,
1338,param_3926_3927,WEIGHT,114688.000,model.layers.12.mlp.down_proj,RELEASE,559753.670,559753.670,,
1347,param_3954_3955,WEIGHT,4.000,model.layers.13.input_layernorm,RELEASE,559818.514,559818.514,,
1352,param_3967_3968,WEIGHT,8.000,model.layers.13.input_layernorm,RELEASE,559843.030,559843.030,,
1354,param_3971_3972,WEIGHT,32768.000,model.layers.13.self_attn.q_proj,RELEASE,561188.982,561188.982,,
1361,param_3991_3992,WEIGHT,8192.000,model.layers.13.self_attn.k_proj,RELEASE,561544.356,561544.356,,
1368,param_4011_4012,WEIGHT,8192.000,model.layers.13.self_attn.v_proj,RELEASE,561908.398,561908.398,,
1412,param_4139_4140,WEIGHT,32768.000,model.layers.13.self_attn.o_proj,RELEASE,563571.533,563571.533,,
1420,param_4166_4167,WEIGHT,4.000,model.layers.13.post_attention_layernorm,RELEASE,563642.135,563642.135,,
1420,param_4166_4167,WEIGHT,4.000,model.layers.13.post_attention_layernorm,RELEASE,563642.135,563642.135,,
1425,param_4179_4180,WEIGHT,8.000,model.layers.13.post_attention_layernorm,RELEASE,563672.171,563672.171,,
1427,param_4183_4184,WEIGHT,114688.000,model.layers.13.mlp.gate_proj,RELEASE,568383.755,568383.755,,
1433,param_4200_4201,WEIGHT,114688.000,model.layers.13.mlp.up_proj,RELEASE,573105.731,573105.731,,
1439,param_4218_4219,WEIGHT,114688.000,model.layers.13.mlp.down_proj,RELEASE,577827.275,577827.275,,
1448,param_4246_4247,WEIGHT,4.000,model.layers.14.input_layernorm,RELEASE,577881.928,577881.928,,
1453,param_4259_4260,WEIGHT,8.000,model.layers.14.input_layernorm,RELEASE,577906.128,577906.128,,
1455,param_4263_4264,WEIGHT,32768.000,model.layers.14.self_attn.q_proj,RELEASE,579252.144,579252.144,,
1462,param_4283_4284,WEIGHT,8192.000,model.layers.14.self_attn.k_proj,RELEASE,579622.185,579622.185,,
1469,param_4303_4304,WEIGHT,8192.000,model.layers.14.self_attn.v_proj,RELEASE,579994.429,579994.429,,
1513,param_4432_4433,WEIGHT,32768.000,model.layers.14.self_attn.o_proj,RELEASE,581683.867,581683.867,,
1521,param_4459_4460,WEIGHT,4.000,model.layers.14.post_attention_layernorm,RELEASE,581742.375,581742.375,,
1526,param_4472_4473,WEIGHT,8.000,model.layers.14.post_attention_layernorm,RELEASE,581768.982,581768.982,,
1528,param_4476_4477,WEIGHT,114688.000,model.layers.14.mlp.gate_proj,RELEASE,586481.014,586481.014,,
1534,param_4494_4495,WEIGHT,114688.000,model.layers.14.mlp.up_proj,RELEASE,591203.355,591203.355,,
1540,param_4512_4513,WEIGHT,114688.000,model.layers.14.mlp.down_proj,RELEASE,595926.835,595926.835,,
1549,param_4540_4541,WEIGHT,4.000,model.layers.15.input_layernorm,RELEASE,595977.044,595977.044,,
1549,param_4540_4541,WEIGHT,4.000,model.layers.15.input_layernorm,RELEASE,595977.044,595977.044,,
1554,param_4553_4554,WEIGHT,8.000,model.layers.15.input_layernorm,RELEASE,596000.157,596000.157,,
1556,param_4557_4558,WEIGHT,32768.000,model.layers.15.self_attn.q_proj,RELEASE,597346.493,597346.493,,
1563,param_4577_4578,WEIGHT,8192.000,model.layers.15.self_attn.k_proj,RELEASE,597711.300,597711.300,,
1570,param_4597_4598,WEIGHT,8192.000,model.layers.15.self_attn.v_proj,RELEASE,598065.750,598065.750,,
1614,param_4724_4725,WEIGHT,32768.000,model.layers.15.self_attn.o_proj,RELEASE,599704.007,599704.007,,
1622,param_4751_4752,WEIGHT,4.000,model.layers.15.post_attention_layernorm,RELEASE,599752.904,599752.904,,
1622,param_4751_4752,WEIGHT,4.000,model.layers.15.post_attention_layernorm,RELEASE,599752.904,599752.904,,
1627,param_4764_4765,WEIGHT,8.000,model.layers.15.post_attention_layernorm,RELEASE,599777.567,599777.567,,
1629,param_4768_4769,WEIGHT,114688.000,model.layers.15.mlp.gate_proj,RELEASE,604488.896,604488.896,,
1635,param_4785_4786,WEIGHT,114688.000,model.layers.15.mlp.up_proj,RELEASE,609211.837,609211.837,,
1641,param_4802_4803,WEIGHT,114688.000,model.layers.15.mlp.down_proj,RELEASE,613937.251,613937.251,,
1650,param_4830_4831,WEIGHT,4.000,model.layers.16.input_layernorm,RELEASE,613987.209,613987.209,,
1655,param_4843_4844,WEIGHT,8.000,model.layers.16.input_layernorm,RELEASE,614011.950,614011.950,,
1657,param_4847_4848,WEIGHT,32768.000,model.layers.16.self_attn.q_proj,RELEASE,615358.222,615358.222,,
1664,param_4867_4868,WEIGHT,8192.000,model.layers.16.self_attn.k_proj,RELEASE,615725.706,615725.706,,
1671,param_4887_4888,WEIGHT,8192.000,model.layers.16.self_attn.v_proj,RELEASE,616080.734,616080.734,,
1715,param_5015_5016,WEIGHT,32768.000,model.layers.16.self_attn.o_proj,RELEASE,617753.654,617753.654,,
1723,param_5042_5043,WEIGHT,4.000,model.layers.16.post_attention_layernorm,RELEASE,617811.175,617811.175,,
1728,param_5055_5056,WEIGHT,8.000,model.layers.16.post_attention_layernorm,RELEASE,617817.767,617817.767,,
1730,param_5059_5060,WEIGHT,114688.000,model.layers.16.mlp.gate_proj,RELEASE,622517.793,622517.793,,
1736,param_5076_5077,WEIGHT,114688.000,model.layers.16.mlp.up_proj,RELEASE,627087.521,627087.521,,
1742,param_5094_5095,WEIGHT,114688.000,model.layers.16.mlp.down_proj,RELEASE,631676.353,631676.353,,
1751,param_5122_5123,WEIGHT,4.000,model.layers.17.input_layernorm,RELEASE,631685.921,631685.921,,
1756,param_5135_5136,WEIGHT,8.000,model.layers.17.input_layernorm,RELEASE,631692.641,631692.641,,
1758,param_5139_5140,WEIGHT,32768.000,model.layers.17.self_attn.q_proj,RELEASE,632950.791,632950.791,,
1765,param_5159_5160,WEIGHT,8192.000,model.layers.17.self_attn.k_proj,RELEASE,633309.902,633309.902,,
1772,param_5179_5180,WEIGHT,8192.000,model.layers.17.self_attn.v_proj,RELEASE,633666.609,633666.609,,
1816,param_5308_5309,WEIGHT,32768.000,model.layers.17.self_attn.o_proj,RELEASE,635318.336,635318.336,,
1824,param_5335_5336,WEIGHT,4.000,model.layers.17.post_attention_layernorm,RELEASE,635366.111,635366.111,,
1829,param_5348_5349,WEIGHT,8.000,model.layers.17.post_attention_layernorm,RELEASE,635402.278,635402.278,,
1831,param_5352_5353,WEIGHT,114688.000,model.layers.17.mlp.gate_proj,RELEASE,640112.839,640112.839,,
1837,param_5370_5371,WEIGHT,114688.000,model.layers.17.mlp.up_proj,RELEASE,644834.153,644834.153,,
1843,param_5388_5389,WEIGHT,114688.000,model.layers.17.mlp.down_proj,RELEASE,649556.576,649556.576,,
1852,param_5416_5417,WEIGHT,4.000,model.layers.18.input_layernorm,RELEASE,649620.037,649620.037,,
1857,param_5429_5430,WEIGHT,8.000,model.layers.18.input_layernorm,RELEASE,649645.399,649645.399,,
1859,param_5433_5434,WEIGHT,32768.000,model.layers.18.self_attn.q_proj,RELEASE,650991.096,650991.096,,
1866,param_5453_5454,WEIGHT,8192.000,model.layers.18.self_attn.k_proj,RELEASE,651349.211,651349.211,,
1873,param_5473_5474,WEIGHT,8192.000,model.layers.18.self_attn.v_proj,RELEASE,651711.712,651711.712,,
1917,param_5600_5601,WEIGHT,32768.000,model.layers.18.self_attn.o_proj,RELEASE,653363.004,653363.004,,
1925,param_5627_5628,WEIGHT,4.000,model.layers.18.post_attention_layernorm,RELEASE,653441.250,653441.250,,
1930,param_5640_5641,WEIGHT,8.000,model.layers.18.post_attention_layernorm,RELEASE,653466.844,653466.844,,
1932,param_5644_5645,WEIGHT,114688.000,model.layers.18.mlp.gate_proj,RELEASE,658177.213,658177.213,,
1938,param_5661_5662,WEIGHT,114688.000,model.layers.18.mlp.up_proj,RELEASE,662900.978,662900.978,,
1944,param_5678_5679,WEIGHT,114688.000,model.layers.18.mlp.down_proj,RELEASE,667493.603,667493.603,,
1953,param_5706_5707,WEIGHT,4.000,model.layers.19.input_layernorm,RELEASE,667556.224,667556.224,,
1958,param_5719_5720,WEIGHT,8.000,model.layers.19.input_layernorm,RELEASE,667581.723,667581.723,,
1960,param_5723_5724,WEIGHT,32768.000,model.layers.19.self_attn.q_proj,RELEASE,668927.931,668927.931,,
1967,param_5743_5744,WEIGHT,8192.000,model.layers.19.self_attn.k_proj,RELEASE,669294.791,669294.791,,
1974,param_5763_5764,WEIGHT,8192.000,model.layers.19.self_attn.v_proj,RELEASE,669659.405,669659.405,,
2018,param_5891_5892,WEIGHT,32768.000,model.layers.19.self_attn.o_proj,RELEASE,671344.199,671344.199,,
2026,param_5918_5919,WEIGHT,4.000,model.layers.19.post_attention_layernorm,RELEASE,671450.188,671450.188,,
2031,param_5931_5932,WEIGHT,8.000,model.layers.19.post_attention_layernorm,RELEASE,671456.971,671456.971,,
2033,param_5935_5936,WEIGHT,114688.000,model.layers.19.mlp.gate_proj,RELEASE,685241.672,685241.672,,
2039,param_5952_5953,WEIGHT,114688.000,model.layers.19.mlp.up_proj,RELEASE,685369.417,685369.417,,
2045,param_5970_5971,WEIGHT,114688.000,model.layers.19.mlp.down_proj,RELEASE,685497.834,685497.834,,
2054,param_5998_5999,WEIGHT,4.000,model.layers.20.input_layernorm,RELEASE,685507.306,685507.306,,
2059,param_6011_6012,WEIGHT,8.000,model.layers.20.input_layernorm,RELEASE,685514.506,685514.506,,
2061,param_6015_6016,WEIGHT,32768.000,model.layers.20.self_attn.q_proj,RELEASE,687187.891,687187.891,,
2068,param_6035_6036,WEIGHT,8192.000,model.layers.20.self_attn.k_proj,RELEASE,687199.988,687199.988,,
2075,param_6055_6056,WEIGHT,8192.000,model.layers.20.self_attn.v_proj,RELEASE,687211.988,687211.988,,
2119,param_6184_6185,WEIGHT,32768.000,model.layers.20.self_attn.o_proj,RELEASE,688782.389,688782.389,,
2127,param_6211_6212,WEIGHT,4.000,model.layers.20.post_attention_layernorm,RELEASE,688831.695,688831.695,,
2127,param_6211_6212,WEIGHT,4.000,model.layers.20.post_attention_layernorm,RELEASE,688831.695,688831.695,,
2132,param_6224_6225,WEIGHT,8.000,model.layers.20.post_attention_layernorm,RELEASE,688856.701,688856.701,,
2134,param_6228_6229,WEIGHT,114688.000,model.layers.20.mlp.gate_proj,RELEASE,693567.997,693567.997,,
2140,param_6246_6247,WEIGHT,114688.000,model.layers.20.mlp.up_proj,RELEASE,698290.086,698290.086,,
2146,param_6264_6265,WEIGHT,114688.000,model.layers.20.mlp.down_proj,RELEASE,703015.125,703015.125,,
2155,param_6292_6293,WEIGHT,4.000,model.layers.21.input_layernorm,RELEASE,703069.289,703069.289,,
2155,param_6292_6293,WEIGHT,4.000,model.layers.21.input_layernorm,RELEASE,703069.289,703069.289,,
2160,param_6305_6306,WEIGHT,8.000,model.layers.21.input_layernorm,RELEASE,703097.293,703097.293,,
2162,param_6309_6310,WEIGHT,32768.000,model.layers.21.self_attn.q_proj,RELEASE,704443.469,704443.469,,
2169,param_6329_6330,WEIGHT,8192.000,model.layers.21.self_attn.k_proj,RELEASE,704810.715,704810.715,,
2176,param_6349_6350,WEIGHT,8192.000,model.layers.21.self_attn.v_proj,RELEASE,705168.002,705168.002,,
2220,param_6476_6477,WEIGHT,32768.000,model.layers.21.self_attn.o_proj,RELEASE,706818.935,706818.935,,
2228,param_6503_6504,WEIGHT,4.000,model.layers.21.post_attention_layernorm,RELEASE,706882.777,706882.777,,
2233,param_6516_6517,WEIGHT,8.000,model.layers.21.post_attention_layernorm,RELEASE,706909.507,706909.507,,
2235,param_6520_6521,WEIGHT,114688.000,model.layers.21.mlp.gate_proj,RELEASE,711620.644,711620.644,,
2241,param_6537_6538,WEIGHT,114688.000,model.layers.21.mlp.up_proj,RELEASE,716346.201,716346.201,,
2247,param_6554_6555,WEIGHT,114688.000,model.layers.21.mlp.down_proj,RELEASE,721068.912,721068.912,,
2256,param_6582_6583,WEIGHT,4.000,model.layers.22.input_layernorm,RELEASE,721121.655,721121.655,,
2261,param_6595_6596,WEIGHT,8.000,model.layers.22.input_layernorm,RELEASE,721158.624,721158.624,,
2263,param_6599_6600,WEIGHT,32768.000,model.layers.22.self_attn.q_proj,RELEASE,722504.384,722504.384,,
2270,param_6619_6620,WEIGHT,8192.000,model.layers.22.self_attn.k_proj,RELEASE,722859.723,722859.723,,
2277,param_6639_6640,WEIGHT,8192.000,model.layers.22.self_attn.v_proj,RELEASE,723213.247,723213.247,,
2321,param_6767_6768,WEIGHT,32768.000,model.layers.22.self_attn.o_proj,RELEASE,724871.262,724871.262,,
2329,param_6794_6795,WEIGHT,4.000,model.layers.22.post_attention_layernorm,RELEASE,724923.664,724923.664,,
2334,param_6807_6808,WEIGHT,8.000,model.layers.22.post_attention_layernorm,RELEASE,724960.478,724960.478,,
2336,param_6811_6812,WEIGHT,114688.000,model.layers.22.mlp.gate_proj,RELEASE,729671.647,729671.647,,
2342,param_6828_6829,WEIGHT,114688.000,model.layers.22.mlp.up_proj,RELEASE,734392.966,734392.966,,
2348,param_6846_6847,WEIGHT,114688.000,model.layers.22.mlp.down_proj,RELEASE,739116.952,739116.952,,
2357,param_6874_6875,WEIGHT,4.000,model.layers.23.input_layernorm,RELEASE,739178.579,739178.579,,
2357,param_6874_6875,WEIGHT,4.000,model.layers.23.input_layernorm,RELEASE,739178.579,739178.579,,
2362,param_6887_6888,WEIGHT,8.000,model.layers.23.input_layernorm,RELEASE,739204.863,739204.863,,
2364,param_6891_6892,WEIGHT,32768.000,model.layers.23.self_attn.q_proj,RELEASE,740550.495,740550.495,,
2371,param_6911_6912,WEIGHT,8192.000,model.layers.23.self_attn.k_proj,RELEASE,740906.343,740906.343,,
2378,param_6931_6932,WEIGHT,8192.000,model.layers.23.self_attn.v_proj,RELEASE,741273.116,741273.116,,
2422,param_7060_7061,WEIGHT,32768.000,model.layers.23.self_attn.o_proj,RELEASE,742936.680,742936.680,,
2430,param_7087_7088,WEIGHT,4.000,model.layers.23.post_attention_layernorm,RELEASE,743006.038,743006.038,,
2435,param_7100_7101,WEIGHT,8.000,model.layers.23.post_attention_layernorm,RELEASE,743033.721,743033.721,,
2437,param_7104_7105,WEIGHT,114688.000,model.layers.23.mlp.gate_proj,RELEASE,747746.010,747746.010,,
2443,param_7122_7123,WEIGHT,114688.000,model.layers.23.mlp.up_proj,RELEASE,752469.043,752469.043,,
2449,param_7140_7141,WEIGHT,114688.000,model.layers.23.mlp.down_proj,RELEASE,757190.884,757190.884,,
2458,param_7168_7169,WEIGHT,4.000,model.layers.24.input_layernorm,RELEASE,757251.048,757251.048,,
2463,param_7181_7182,WEIGHT,8.000,model.layers.24.input_layernorm,RELEASE,757276.716,757276.716,,
2465,param_7185_7186,WEIGHT,32768.000,model.layers.24.self_attn.q_proj,RELEASE,758622.924,758622.924,,
2472,param_7205_7206,WEIGHT,8192.000,model.layers.24.self_attn.k_proj,RELEASE,758993.962,758993.962,,
2479,param_7225_7226,WEIGHT,8192.000,model.layers.24.self_attn.v_proj,RELEASE,759358.181,759358.181,,
2523,param_7352_7353,WEIGHT,32768.000,model.layers.24.self_attn.o_proj,RELEASE,761044.240,761044.240,,
2531,param_7379_7380,WEIGHT,4.000,model.layers.24.post_attention_layernorm,RELEASE,761104.459,761104.459,,
2536,param_7392_7393,WEIGHT,8.000,model.layers.24.post_attention_layernorm,RELEASE,761131.178,761131.178,,
2538,param_7396_7397,WEIGHT,114688.000,model.layers.24.mlp.gate_proj,RELEASE,765841.514,765841.514,,
2544,param_7413_7414,WEIGHT,114688.000,model.layers.24.mlp.up_proj,RELEASE,770564.046,770564.046,,
2550,param_7430_7431,WEIGHT,114688.000,model.layers.24.mlp.down_proj,RELEASE,775285.970,775285.970,,
2559,param_7458_7459,WEIGHT,4.000,model.layers.25.input_layernorm,RELEASE,775338.357,775338.357,,
2559,param_7458_7459,WEIGHT,4.000,model.layers.25.input_layernorm,RELEASE,775338.357,775338.357,,
2564,param_7471_7472,WEIGHT,8.000,model.layers.25.input_layernorm,RELEASE,775363.843,775363.843,,
2566,param_7475_7476,WEIGHT,32768.000,model.layers.25.self_attn.q_proj,RELEASE,776710.083,776710.083,,
2573,param_7495_7496,WEIGHT,8192.000,model.layers.25.self_attn.k_proj,RELEASE,777070.187,777070.187,,
2580,param_7515_7516,WEIGHT,8192.000,model.layers.25.self_attn.v_proj,RELEASE,777435.317,777435.317,,
2624,param_7643_7644,WEIGHT,32768.000,model.layers.25.self_attn.o_proj,RELEASE,779168.431,779168.431,,
2632,param_7670_7671,WEIGHT,4.000,model.layers.25.post_attention_layernorm,RELEASE,779243.450,779243.450,,
2632,param_7670_7671,WEIGHT,4.000,model.layers.25.post_attention_layernorm,RELEASE,779243.450,779243.450,,
2637,param_7683_7684,WEIGHT,8.000,model.layers.25.post_attention_layernorm,RELEASE,779274.726,779274.726,,
2639,param_7687_7688,WEIGHT,114688.000,model.layers.25.mlp.gate_proj,RELEASE,783985.607,783985.607,,
2645,param_7704_7705,WEIGHT,114688.000,model.layers.25.mlp.up_proj,RELEASE,788708.289,788708.289,,
2651,param_7722_7723,WEIGHT,114688.000,model.layers.25.mlp.down_proj,RELEASE,793432.877,793432.877,,
2660,param_7750_7751,WEIGHT,4.000,model.layers.26.input_layernorm,RELEASE,793487.535,793487.535,,
2665,param_7763_7764,WEIGHT,8.000,model.layers.26.input_layernorm,RELEASE,793515.523,793515.523,,
2667,param_7767_7768,WEIGHT,32768.000,model.layers.26.self_attn.q_proj,RELEASE,794861.540,794861.540,,
2674,param_7787_7788,WEIGHT,8192.000,model.layers.26.self_attn.k_proj,RELEASE,795226.561,795226.561,,
2681,param_7807_7808,WEIGHT,8192.000,model.layers.26.self_attn.v_proj,RELEASE,795584.345,795584.345,,
2725,param_7936_7937,WEIGHT,32768.000,model.layers.26.self_attn.o_proj,RELEASE,797239.893,797239.893,,
2733,param_7963_7964,WEIGHT,4.000,model.layers.26.post_attention_layernorm,RELEASE,797302.181,797302.181,,
2738,param_7976_7977,WEIGHT,8.000,model.layers.26.post_attention_layernorm,RELEASE,797348.986,797348.986,,
2740,param_7980_7981,WEIGHT,114688.000,model.layers.26.mlp.gate_proj,RELEASE,802059.227,802059.227,,
2746,param_7998_7999,WEIGHT,114688.000,model.layers.26.mlp.up_proj,RELEASE,806783.252,806783.252,,
2752,param_8016_8017,WEIGHT,114688.000,model.layers.26.mlp.down_proj,RELEASE,811507.759,811507.759,,
2761,param_8044_8045,WEIGHT,4.000,model.layers.27.input_layernorm,RELEASE,811564.388,811564.388,,
2761,param_8044_8045,WEIGHT,4.000,model.layers.27.input_layernorm,RELEASE,811564.388,811564.388,,
2766,param_8057_8058,WEIGHT,8.000,model.layers.27.input_layernorm,RELEASE,811621.777,811621.777,,
2768,param_8061_8062,WEIGHT,32768.000,model.layers.27.self_attn.q_proj,RELEASE,812967.314,812967.314,,
2775,param_8081_8082,WEIGHT,8192.000,model.layers.27.self_attn.k_proj,RELEASE,813329.066,813329.066,,
2782,param_8101_8102,WEIGHT,8192.000,model.layers.27.self_attn.v_proj,RELEASE,813687.282,813687.282,,
2826,param_8228_8229,WEIGHT,32768.000,model.layers.27.self_attn.o_proj,RELEASE,815339.460,815339.460,,
2834,param_8255_8256,WEIGHT,4.000,model.layers.27.post_attention_layernorm,RELEASE,815397.346,815397.346,,
2834,param_8255_8256,WEIGHT,4.000,model.layers.27.post_attention_layernorm,RELEASE,815397.346,815397.346,,
2839,param_8268_8269,WEIGHT,8.000,model.layers.27.post_attention_layernorm,RELEASE,815452.546,815452.546,,
2841,param_8272_8273,WEIGHT,114688.000,model.layers.27.mlp.gate_proj,RELEASE,820162.692,820162.692,,
2847,param_8289_8290,WEIGHT,114688.000,model.layers.27.mlp.up_proj,RELEASE,824888.592,824888.592,,
2853,param_8306_8307,WEIGHT,114688.000,model.layers.27.mlp.down_proj,RELEASE,829611.347,829611.347,,
2862,param_8334_8335,WEIGHT,4.000,model.layers.28.input_layernorm,RELEASE,829683.570,829683.570,,
2862,param_8334_8335,WEIGHT,4.000,model.layers.28.input_layernorm,RELEASE,829683.570,829683.570,,
2867,param_8347_8348,WEIGHT,8.000,model.layers.28.input_layernorm,RELEASE,829708.156,829708.156,,
2869,param_8351_8352,WEIGHT,32768.000,model.layers.28.self_attn.q_proj,RELEASE,831054.556,831054.556,,
2876,param_8371_8372,WEIGHT,8192.000,model.layers.28.self_attn.k_proj,RELEASE,831418.922,831418.922,,
2883,param_8391_8392,WEIGHT,8192.000,model.layers.28.self_attn.v_proj,RELEASE,831792.786,831792.786,,
2927,param_8519_8520,WEIGHT,32768.000,model.layers.28.self_attn.o_proj,RELEASE,833553.480,833553.480,,
2935,param_8546_8547,WEIGHT,4.000,model.layers.28.post_attention_layernorm,RELEASE,833617.328,833617.328,,
2940,param_8559_8560,WEIGHT,8.000,model.layers.28.post_attention_layernorm,RELEASE,833624.079,833624.079,,
2942,param_8563_8564,WEIGHT,114688.000,model.layers.28.mlp.gate_proj,RELEASE,838327.777,838327.777,,
2948,param_8580_8581,WEIGHT,114688.000,model.layers.28.mlp.up_proj,RELEASE,842899.812,842899.812,,
2954,param_8598_8599,WEIGHT,114688.000,model.layers.28.mlp.down_proj,RELEASE,847489.860,847489.860,,
2963,param_8626_8627,WEIGHT,4.000,model.layers.29.input_layernorm,RELEASE,847802.931,847802.931,,
2968,param_8639_8640,WEIGHT,8.000,model.layers.29.input_layernorm,RELEASE,847810.323,847810.323,,
2970,param_8643_8644,WEIGHT,32768.000,model.layers.29.self_attn.q_proj,RELEASE,849582.263,849582.263,,
2977,param_8663_8664,WEIGHT,8192.000,model.layers.29.self_attn.k_proj,RELEASE,849594.295,849594.295,,
2984,param_8683_8684,WEIGHT,8192.000,model.layers.29.self_attn.v_proj,RELEASE,849606.999,849606.999,,
3028,param_8812_8813,WEIGHT,32768.000,model.layers.29.self_attn.o_proj,RELEASE,851250.920,851250.920,,
3036,param_8839_8840,WEIGHT,4.000,model.layers.29.post_attention_layernorm,RELEASE,851319.785,851319.785,,
3036,param_8839_8840,WEIGHT,4.000,model.layers.29.post_attention_layernorm,RELEASE,851319.785,851319.785,,
3041,param_8852_8853,WEIGHT,8.000,model.layers.29.post_attention_layernorm,RELEASE,851347.127,851347.127,,
3043,param_8856_8857,WEIGHT,114688.000,model.layers.29.mlp.gate_proj,RELEASE,856086.648,856086.648,,
3049,param_8874_8875,WEIGHT,114688.000,model.layers.29.mlp.up_proj,RELEASE,860817.435,860817.435,,
3055,param_8892_8893,WEIGHT,114688.000,model.layers.29.mlp.down_proj,RELEASE,865543.511,865543.511,,
3064,param_8920_8921,WEIGHT,4.000,model.layers.30.input_layernorm,RELEASE,865614.476,865614.476,,
3064,param_8920_8921,WEIGHT,4.000,model.layers.30.input_layernorm,RELEASE,865614.476,865614.476,,
3069,param_8933_8934,WEIGHT,8.000,model.layers.30.input_layernorm,RELEASE,865643.812,865643.812,,
3071,param_8937_8938,WEIGHT,32768.000,model.layers.30.self_attn.q_proj,RELEASE,866989.956,866989.956,,
3078,param_8957_8958,WEIGHT,8192.000,model.layers.30.self_attn.k_proj,RELEASE,867351.312,867351.312,,
3085,param_8977_8978,WEIGHT,8192.000,model.layers.30.self_attn.v_proj,RELEASE,867713.305,867713.305,,
3129,param_9104_9105,WEIGHT,32768.000,model.layers.30.self_attn.o_proj,RELEASE,869422.570,869422.570,,
3137,param_9131_9132,WEIGHT,4.000,model.layers.30.post_attention_layernorm,RELEASE,869490.272,869490.272,,
3137,param_9131_9132,WEIGHT,4.000,model.layers.30.post_attention_layernorm,RELEASE,869490.272,869490.272,,
3142,param_9144_9145,WEIGHT,8.000,model.layers.30.post_attention_layernorm,RELEASE,869520.291,869520.291,,
3144,param_9148_9149,WEIGHT,114688.000,model.layers.30.mlp.gate_proj,RELEASE,874258.276,874258.276,,
3150,param_9165_9166,WEIGHT,114688.000,model.layers.30.mlp.up_proj,RELEASE,878980.501,878980.501,,
3156,param_9182_9183,WEIGHT,114688.000,model.layers.30.mlp.down_proj,RELEASE,884890.453,884890.453,,
3165,param_9210_9211,WEIGHT,4.000,model.layers.31.input_layernorm,RELEASE,884899.860,884899.860,,
3170,param_9223_9224,WEIGHT,8.000,model.layers.31.input_layernorm,RELEASE,884906.516,884906.516,,
3172,param_9227_9228,WEIGHT,32768.000,model.layers.31.self_attn.q_proj,RELEASE,884996.335,884996.335,,
3179,param_9247_9248,WEIGHT,8192.000,model.layers.31.self_attn.k_proj,RELEASE,885286.546,885286.546,,
3186,param_9267_9268,WEIGHT,8192.000,model.layers.31.self_attn.v_proj,RELEASE,885641.830,885641.830,,
3230,param_9395_9396,WEIGHT,32768.000,model.layers.31.self_attn.o_proj,RELEASE,887306.821,887306.821,,
3238,param_9422_9423,WEIGHT,4.000,model.layers.31.post_attention_layernorm,RELEASE,887371.230,887371.230,,
3243,param_9435_9436,WEIGHT,8.000,model.layers.31.post_attention_layernorm,RELEASE,887396.408,887396.408,,
3245,param_9439_9440,WEIGHT,114688.000,model.layers.31.mlp.gate_proj,RELEASE,892129.208,892129.208,,
3251,param_9456_9457,WEIGHT,114688.000,model.layers.31.mlp.up_proj,RELEASE,896851.918,896851.918,,
3257,param_9474_9475,WEIGHT,114688.000,model.layers.31.mlp.down_proj,RELEASE,901442.383,901442.383,,
3266,param_9502_9503,WEIGHT,4.000,model.norm,RELEASE,901493.243,901493.243,,
3271,param_9515_9516,WEIGHT,8.000,model.norm,RELEASE,901529.292,901529.292,,
3274,param_9521_9522,WEIGHT,1026048.000,lm_head,RELEASE,943673.574,943673.574,,
